dt,new_member_payment,old_member_payment,repurchase_member_cnt,repurchase_payment,new_members,new_purchasers,consume_member_cnt,arpu,arpu_ratio
2019/12/7,,,,,1421058,1,,,
2019/12/8,,,,,1363439,1,,,
2019/12/9,,,,,660103,1,,,
2019/12/10,,,,,6034,1,,,
2019/12/11,,,,,8186,1,,,
2019/12/12,,,,,6739,1,,,
2019/12/13,,,,,3572,1,,,
2019/12/14,,,,,4284,1,,,
2019/12/15,,,,,4979,1,,,
2019/12/16,,,,,3772,1,,,
2019/12/17,,,,,3055,1,,,
2019/12/18,,,,,3201,1,,,
2019/12/19,,,,,4399,1,,,
2019/12/20,,,,,3434,1,,,
2019/12/21,,,,,5057,1,,,
2019/12/22,,,,,4297,1,,,
2019/12/23,,,,,3353,1,,,
2019/12/24,,,,,3882,1,,,
2019/12/25,,,,,3987,1,,,
2019/12/26,,,,,4122,1,,,
2019/12/27,,,,,4186,1,,,
2019/12/28,,,,,4658,1,,,
2019/12/29,,,,,4629,1,,,
2019/12/30,,,,,3832,1,,,
2019/12/31,,,,,4456,1,,,
2020/1/1,,,,,6120,1,,,
2020/1/2,,,,,5407,1,,,
2020/1/3,,,,,5639,1,,,
2020/1/4,,,,,12002,1,,,
2020/1/5,,,,,12074,1,,,
2020/1/6,,,,,7816,1,,,
2020/1/7,,,,,8900,1,,,
2020/1/8,,,,,17844,1,,,
2020/1/9,,,,,13155,1,,,
2020/1/10,,,,,10518,1,,,
2020/1/11,,,,,11129,1,,,
2020/1/12,,,,,12145,1,,,
2020/1/13,,,,,11765,1,,,
2020/1/14,,,,,11955,1,,,
2020/1/15,,,,,12118,1,,,
2020/1/16,,,,,16697,1,,,
2020/1/17,,,,,17421,1,,,
2020/1/18,,,,,18117,1,,,
2020/1/19,,,,,18124,1,,,
2020/1/20,,,,,20820,1,,,
2020/1/21,,,,,25863,1,,,
2020/1/22,,,,,29981,1,,,
2020/1/23,,,,,42417,1,,,
2020/1/24,,,,,59904,1,,,
2020/1/25,,,,,40336,1,,,
2020/1/26,,,,,45075,1,,,
2020/1/27,,,,,42409,1,,,
2020/1/28,,,,,37555,1,,,
2020/1/29,,,,,34015,1,,,
2020/1/30,,,,,36300,1,,,
2020/1/31,,,,,46632,1,,,
2020/2/1,,,,,32598,1,,,
2020/2/2,,,,,28901,1,,,
2020/2/3,,,,,21434,1,,,
2020/2/4,,,,,26867,1,,,
2020/2/5,,,,,24360,1,,,
2020/2/6,,,,,21676,1,,,
2020/2/7,,,,,32391,1,,,
2020/2/8,,,,,18537,1,,,
2020/2/9,,,,,17157,1,,,
2020/2/10,,,,,16629,1,,,
2020/2/11,,,,,15996,1,,,
2020/2/12,,,,,12810,1,,,
2020/2/13,,,,,10268,1,,,
2020/2/14,,,,,24010,1,,,
2020/2/15,,,,,13869,1,,,
2020/2/16,,,,,13705,1,,,
2020/2/17,,,,,11105,1,,,
2020/2/18,,,,,11669,1,,,
2020/2/19,,,,,14720,1,,,
2020/2/20,,,,,14132,1,,,
2020/2/21,,,,,12162,1,,,
2020/2/22,,,,,18688,1,,,
2020/2/23,,,,,16173,1,,,
2020/2/24,,,,,13746,1,,,
2020/2/25,,,,,13977,1,,,
2020/2/26,,,,,7854,1,,,
2020/2/27,,,,,3705,1,,,
2020/2/28,,,,,3629,1,,,
2020/2/29,,,,,3370,1,,,
2020/3/1,,,,,3205,1,,,
2020/3/2,,,,,3060,1,,,
2020/3/3,,,,,2946,1,,,
2020/3/4,,,,,3439,1,,,
2020/3/5,,,,,3094,1,,,
2020/3/6,,,,,2892,1,,,
2020/3/7,,,,,2998,1,,,
2020/3/8,,,,,3076,1,,,
2020/3/9,,,,,3010,1,,,
2020/3/10,,,,,3296,1,,,
2020/3/11,,,,,3088,1,,,
2020/3/12,,,,,2883,1,,,
2020/3/13,,,,,2618,1,,,
2020/3/14,,,,,2657,1,,,
2020/3/15,,,,,2769,1,,,
2023/3/21,60827.239944028,53848.460052371,1132,47711.300065884,11747,1831,5253,21.83,0.2
2023/3/22,68810.159892330,62514.940004945,1127,59669.399998436,7607,1645,4901,26.8,0.29
2023/3/23,57459.590036282,57352.370029688,1172,57374.160025368,4799,1656,4862,23.61,0.22
2023/3/24,65853.090343356,43513.059989929,1069,42576.590027452,5392,1805,4775,22.9,0.24
2023/3/25,87004.900402803,44536.900068760,1940,54331.559996624,8273,3772,7165,18.36,0.14
2023/3/26,84654.410366682,36050.920029879,1954,44099.170007972,8018,3607,7153,16.87,0.14
2023/3/27,68600.450286627,57169.290023923,1093,50441.880036831,5395,1831,5070,24.81,0.24
2023/3/28,66852.320062665,59148.290037155,1211,56477.160033016,7913,1798,5128,24.57,0.22
2023/3/29,64873.400070090,67453.099959373,1085,62801.710000534,7413,1717,4884,27.09,0.3
2023/3/30,63269.260070682,70043.190026283,1157,64282.200018644,7413,1754,5083,26.23,0.24
2023/3/31,60720.049892306,59770.190027714,1244,57648.999988556,7578,1942,5071,23.76,0.18
2023/4/1,81673.260046262,44999.939991476,2447,57144.350016844,15822,4509,8071,15.69,0.09
2023/4/2,74285.550088892,35524.129992604,1968,43865.500006566,13246,3785,7145,15.37,0.1
2023/4/3,61253.140057692,41737.040064583,969,35676.270002494,6855,1508,4531,22.73,0.25
2023/4/4,55559.850087790,46916.089988351,935,41528.860043077,7473,1464,4145,24.72,0.24
2023/4/5,73785.779965181,45011.789970040,1820,53317.200029749,12766,3148,5965,19.92,0.13
2023/4/6,53037.449966449,45652.619991789,943,43574.469964771,7305,1272,4126,23.92,0.22
2023/4/7,50239.730061311,35170.170004606,1010,32309.180020818,6910,1523,4302,19.85,0.18
2023/4/8,65880.560080657,34378.810009718,2050,42890.020020852,12536,3430,6914,14.5,0.09
2023/4/9,71638.279932519,30448.320001526,2098,38355.279992232,13031,3535,7089,14.4,0.09
2023/4/10,56522.900074491,38126.199931998,1099,30710.859998016,7630,1838,5094,18.58,0.17
2023/4/11,74246.480063934,51428.979965219,1167,43243.859957475,7294,1866,5439,23.11,0.24
2023/4/12,53105.739923863,36141.039989958,1092,37556.039977569,6779,1718,4941,18.06,0.18
2023/4/13,77670.070048112,51952.850044727,1207,45296.160023231,10460,1892,5649,22.95,0.24
2023/4/14,73084.419881234,43256.790017514,1214,44382.249899993,13359,1925,5255,22.14,0.21
2023/4/15,73240.639965067,38711.089961886,2182,43669.449984798,21586,3963,7513,14.9,0.1
2023/4/16,77129.610031495,37771.259997606,2016,40191.839999208,11209,3628,7268,15.81,0.11
2023/4/17,61288.680050749,41265.600000501,1101,37138.550014872,6320,1685,5068,20.24,0.17
2023/4/18,58048.089984307,38524.130005598,1114,32543.850060353,6564,1675,5034,19.18,0.16
2023/4/19,72736.090059070,56766.669995427,1250,47190.03000894,6776,1836,5490,23.59,0.21
2023/4/20,59391.220127363,43694.339999676,1125,36187.650009284,6944,1602,5039,20.46,0.18
2023/4/21,73503.259952776,48487.579999328,1210,52219.879986251,10375,1664,5104,23.9,0.26
2023/4/22,61862.830051899,30081.269992232,1521,30794.520013452,9358,2696,5859,15.69,0.12
2023/4/23,54596.459977645,37928.299971342,1025,33633.210015902,6124,1534,4498,20.57,0.2
2023/4/24,67025.319879541,46977.780012608,1062,38806.619986067,5555,1561,4930,23.12,0.23
2023/4/25,61316.439991483,53495.030044198,1196,49699.030010233,6188,1722,5269,21.79,0.2
2023/4/26,60304.879861612,56369.859943628,1134,48412.279965062,6947,1792,5307,21.99,0.18
2023/4/27,56218.919868240,37784.949969172,1179,33356.819918880,6077,1751,5167,18.19,0.15
2023/4/28,56701.519959748,53440.179879840,1174,51193.089889521,6532,1861,4777,23.06,0.18
2023/4/29,70482.340012718,28345.220007788,2378,48124.499995666,12606,4530,7260,13.61,0.07
2023/4/30,81735.309916344,36766.809975313,2980,63333.719991513,15913,6130,8863,13.37,0.06
2023/5/1,80263.649950726,21758.029988758,2600,42099.179989642,21262,5001,7601,13.42,0.06
2023/5/2,83913.540021000,27888.709997004,2766,52987.739999158,18958,5429,8039,13.91,0.08
2023/5/3,60248.799966017,36529.960035326,1578,38726.499991914,10108,3058,5724,16.91,0.14
2023/5/4,63848.850010948,34829.240010740,1151,33448.800038386,6689,1958,5321,18.55,0.21
2023/5/5,62878.420138428,32145.399985636,1143,27251.639999529,6408,1913,5229,18.17,0.21
2023/5/6,66016.010146353,36735.689944077,1221,32308.829998661,7723,2106,5463,18.81,0.25
2023/5/7,83167.220049743,32302.099987838,2010,40507.200019820,10100,3673,7257,15.91,0.16
2023/5/8,67128.239936722,39559.919950737,1169,38801.589963878,7520,1865,5395,19.78,0.2
2023/5/9,84705.120164564,55796.320169754,1327,39729.770165933,10591,1965,6454,21.77,0.25
2023/5/10,86931.160005765,48244.029983331,1201,41332.280057369,6124,1835,5464,24.74,0.24
2023/5/11,90197.380044997,74960.799977304,1282,63633.289998278,7111,2086,5985,27.6,0.27
2023/5/12,60836.810034551,45447.440036338,1371,40560.430000691,7678,2308,5840,18.2,0.13
2023/5/13,75560.990086336,32441.069994221,2258,39707.830028204,21187,4322,8208,13.16,0.09
2023/5/14,73278.650117453,33566.970022935,2062,39077.280004548,9770,3673,7427,14.39,0.11
2023/5/15,50644.009991288,36830.649988532,1193,27606.330006242,6112,1896,5555,15.75,0.13
2023/5/16,71973.870039225,38249.329975605,1224,29444.489963651,5782,1826,5822,18.93,0.19
2023/5/17,143366.549996912,69851.780069947,1257,57023.670033634,6054,1966,7135,29.88,0.47
2023/5/18,78220.629997905,51289.450032959,1248,45717.519980725,5970,1938,5812,22.28,0.21
2023/5/19,69820.310018925,44876.710176945,1364,40482.090172080,6574,2263,5794,19.8,0.15
2023/5/20,77459.460026788,36880.170056462,2253,44019.440004991,10526,4098,7860,14.55,0.11
2023/5/21,92036.770224806,42574.290048242,1811,54080.470066080,9119,3481,7057,19.07,0.23
2023/5/22,65382.500056753,38703.000084281,1215,35033.820038566,5899,1859,5427,19.18,0.18
2023/5/23,79708.440016160,43264.550053120,1213,49431.829982281,6064,1830,5597,21.97,0.17
2023/5/24,89136.400075445,50725.579975981,1243,40560.369993953,6083,1837,5561,25.15,0.22
2023/5/25,106239.679329945,47583.569947086,1280,48793.12972649,8661,2189,6122,25.13,0.23
2023/5/26,177245.23845432,53609.829842696,1298,75280.799613157,10376,2486,6133,37.64,0.32
2023/5/27,180118.087560493,55662.849888252,2121,71069.979657231,11840,4070,8026,29.38,0.29
2023/5/28,282242.555806415,55881.559890885,2039,81663.689476283,12692,4560,8709,38.82,0.39
2023/5/29,130432.739237258,67672.659995565,1343,69105.339920403,7255,2123,6231,31.79,0.33
2023/5/30,84982.620011423,48748.739971776,1400,44136.080014771,7624,2034,6127,21.83,0.22
2023/5/31,184734.3998516,109913.479925193,1562,80786.880104965,10313,2365,7811,37.72,0.42
2023/6/1,152154.040198723,67294.349997064,2414,63065.950000288,16559,4064,9266,23.68,0.24
2023/6/2,105294.340043047,46763.940064924,1220,42224.299975058,9348,2273,6048,25.14,0.26
2023/6/3,121494.540305644,50156.149920400,2223,56963.390217498,12642,4287,8434,20.35,0.19
2023/6/4,72326.660023864,31719.029947814,1745,31212.389994778,10769,3295,6769,15.37,0.13
2023/6/5,68488.520138340,40470.219998607,1222,31095.960032070,7509,2100,5918,18.41,0.17
2023/6/6,75043.620075800,45235.459999589,1380,38401.689986853,7623,2181,6271,19.18,0.19
2023/6/7,61996.830043435,45827.480020642,1363,44614.370048285,7548,2057,5820,18.53,0.18
2023/6/8,53547.379991541,40122.099995971,1390,34764.120003590,7962,2005,5799,16.15,0.17
2023/6/9,59855.559922999,35691.970006108,1369,33961.089990314,7674,2162,5723,16.7,0.17
2023/6/10,75870.950102981,39879.930063495,2002,42963.100058950,13021,3653,7660,15.11,0.19
2023/6/11,76187.470000936,41646.290015016,1991,41281.699978856,11776,3483,7581,15.54,0.15
2023/6/12,66208.330023546,39441.660001049,1364,35181.890000481,8286,2102,6092,17.34,0.24
2023/6/13,63574.740069868,41996.250120310,1364,36671.470055370,15866,2100,6202,17.02,0.2
2023/6/14,63293.200019369,39895.740012536,1383,34073.090018759,14657,2435,6399,16.13,0.2
2023/6/15,176473.279924477,103115.879981991,1564,80472.539885404,9290,2494,7900,35.39,0.51
2023/6/16,139554.680383895,71856.110018281,1488,65668.150214536,8885,2470,6960,30.38,0.36
2023/6/17,133853.179953404,60961.960036920,2107,62044.829957094,11663,3755,8319,23.42,0.27
2023/6/18,137005.170228299,71566.279989142,1889,64404.840124425,11018,3340,7963,26.19,0.3
2023/6/19,82186.779899662,49366.719985064,1397,39977.339981025,7764,2117,6261,21.01,0.24
2023/6/20,93984.790023932,64346.150033474,1394,48387.479992161,7344,2074,6559,24.14,0.3
2023/6/21,59328.999983568,39923.760016469,1345,35732.749974031,8165,2280,5622,17.65,0.2
2023/6/22,73280.359964766,40799.940056562,2054,47671.150041141,13169,4069,6968,16.37,0.15
2023/6/23,93655.419933017,47807.740024567,2286,61113.999948557,13517,4658,7804,18.13,0.22
2023/6/24,65706.240025777,61322.520033369,1712,60047.339989910,10074,3100,6404,19.84,0.22
2023/6/25,65612.080035329,42690.449961562,1265,37027.769970775,7895,2240,5441,19.9,0.28
2023/6/26,49345.060060501,96690.690000653,1377,78728.259983301,7585,2091,5695,25.64,0.28
2023/6/27,43546.439997500,107078.419974603,1445,99784.639991760,7410,2046,5625,26.78,0.26
2023/6/28,51050.869960088,70008.989609003,1443,37419.420002470,7365,2014,5629,21.51,0.26
2022/5/25,55446.770291328,9087.280018806,73,11189.430027962,10880,399,640,100.83,1.06
2022/5/26,57297.210093498,8151.330018997,64,9254.380013466,7561,400,695,94.17,1.08
2022/5/27,80213.500177383,10519.080003738,70,31032.250080109,9419,442,718,126.37,1.22
2022/5/28,45719.740055084,6148.050008774,76,10531.350017548,9757,339,547,94.82,0.97
2022/5/29,18796.380033493,3486.370019913,21,2609.920007706,8563,175,280,79.58,0.92
2022/5/30,39705.480041275,4678.080026627,30,14978.660024414,9481,241,370,119.96,1.36
2022/5/31,117301.010061549,32907.480003357,80,12304.390001563,21698,583,1712,87.74,0.98
2022/6/1,40578.040014267,15712.810001373,33,3629.950010300,11685,240,699,80.53,0.89
2022/6/2,30294.959886322,9393.900024414,18,2125.730005035,7394,198,473,83.91,1.1
2022/6/3,45483.640044928,11002.700008392,35,4254.739992142,9048,283,622,90.81,1.19
2022/6/4,21286.359950552,5525.830006123,27,2929.210006008,9084,210,334,80.28,1.21
2022/6/5,22794.319980621,3973.610027313,12,1098.180002213,7737,160,312,85.79,1.17
2022/6/6,20932.959957123,5540.399967194,22,2566.959993362,6091,121,300,88.24,1.05
2022/6/7,19029.560055494,3860.430011749,22,2225.440006971,5964,175,280,81.75,1.04
2022/6/8,32272.459967613,4016.799991608,20,1753.630016327,6138,238,344,105.49,1.35
2022/6/9,65019.430039877,3910.409975000,33,4413.610021114,6495,555,778,88.6,1.08
2022/6/10,137189.880127668,4242.560028076,48,8521.350016594,7830,1109,1342,105.39,1.25
2022/6/11,127493.490147591,5474.950014591,48,9884.770032406,11766,1228,1511,88,1.08
2022/6/12,68296.950166225,3670.360007286,38,5702.740002155,9127,966,1221,58.94,0.75
2022/6/13,125510.130125999,3847.259984493,37,7223.390002728,7580,1233,1541,83.94,0.87
2022/6/14,139209.050041676,2974.320002079,38,9209.130009174,7896,1101,1296,109.71,0.85
2022/6/15,81268.770104527,26684.669914722,47,7032.390013337,7400,747,1736,62.19,0.8
2022/6/16,47612.030137036,19382.839995714,37,4605.220033297,7052,383,1028,65.17,0.88
2022/6/17,40547.230006695,14425.349985885,28,3827.720010757,7469,253,629,87.4,1.21
2022/6/18,59632.199918518,22859.060042666,44,5202.360011349,11286,389,1023,80.64,1.03
2022/6/19,42692.960063219,14672.829958687,64,4968.239998579,7832,272,717,80.01,1.13
2022/6/20,68970.369697094,22786.460102806,56,11582.910034657,6302,369,971,94.5,1.25
2022/6/21,20133.819990158,2244.759994507,23,2168.599996567,5744,176,285,78.52,1.22
2022/6/22,22384.829994202,3294.790000210,35,2484.940006733,6236,210,344,74.65,1.3
2022/6/23,27245.440006733,4201.469978103,36,4878.899998188,6030,248,410,76.7,1.33
2022/6/24,22331.369966507,5075.119989166,32,2949.630002975,6495,221,400,68.52,1.21
2022/6/25,18195.119994640,4416.040002823,37,3367.740012646,8091,196,355,63.69,1.09
2022/6/26,20183.859961987,3458.910013199,25,2317.439994812,7443,214,339,69.74,1.14
2022/6/27,23694.629981041,3751.199990768,38,3297.090028763,5733,214,359,76.45,1.23
2022/6/28,25882.249985933,4196.000014305,28,2541.710014343,6214,240,395,76.15,0.74
2022/6/29,25089.570040226,5219.410009384,47,4572.620023727,6419,249,424,71.48,1.09
2022/6/30,21154.209935436,3783.620012283,25,1973.279996872,6746,223,349,71.46,1.1
2022/7/1,33361.489999542,5984.970026016,36,3581.550019989,9071,255,481,81.8,1.07
2022/7/2,38277.530016918,4402.709989548,30,2497.839994678,10029,310,452,94.43,1.37
2022/7/3,41139.309987068,3910.629987717,27,2611.600012779,8570,286,441,102.15,1.36
2022/7/4,22770.220048904,2991.300012589,24,2185.190025806,7211,252,352,73.19,1.17
2022/7/5,22957.220037479,3022.050001144,26,3835.820003051,6768,225,345,75.3,1.25
2022/7/6,24790.829924107,3076.420017242,18,1136.380002975,7031,184,319,87.36,1.31
2022/7/7,22105.460030556,2396.569993744,29,1873.060008049,7548,160,285,85.97,1.23
2022/7/8,18343.780030251,3995.880004654,12,571.800001144,7959,157,258,86.59,1.17
2022/7/9,65373.940004300,6537.409994027,46,7138.509981412,14529,492,765,94,1.28
2022/7/10,56043.199937820,7822.889964599,41,4180.269987106,8755,429,676,94.48,1.41
2022/7/11,37627.739976902,7404.659997940,46,3879.010003814,8970,300,574,78.45,1.31
2022/7/12,62612.200020341,13683.070013046,41,4617.610002527,8697,647,1299,58.73,0.89
2022/7/13,54758.660073088,11349.979949722,36,2670.509998588,7463,378,815,81.11,1.15
2022/7/14,63674.479811916,7609.959987411,32,5900.389861831,7660,453,726,98.19,1.33
2022/7/15,55351.670019388,12170.390020370,40,4819.519979715,7393,421,734,91.99,1.28
2022/7/16,16902.040034294,3149.860008955,29,2203.960008621,7746,155,287,69.87,1.23
2022/7/17,34248.590018749,6461.869995117,35,3855.209993362,7883,253,470,86.62,1.35
2022/7/18,39406.999885615,8167.159923324,35,3404.409991283,7267,364,710,67.01,1.04
2022/7/19,49915.159979932,6918.059972763,35,3592.879997557,9362,386,626,90.79,1.31
2022/7/20,34743.769936351,5982.469980240,40,3604.139982490,7633,314,522,78.02,1.1
2022/7/21,34591.970000038,5587.169982910,27,2156.999981651,7062,296,513,78.32,1.16
2022/7/22,36636.739995727,4532.490008354,32,3356.930024872,7302,288,484,85.06,1.22
2022/7/23,46055.759999752,5492.279975891,23,3085.559984207,8799,348,540,95.46,1.27
2022/7/24,60858.220033646,7259.299991608,36,2549.269985199,8554,414,645,105.61,1.52
2022/7/25,40458.929987907,6359.899993896,30,6398.190024376,7303,326,507,92.34,1.41
2022/7/26,78963.519934416,7875.570003510,57,6777.429995298,7971,624,937,92.68,1.17
2022/7/27,36518.900002003,7268.019941330,38,4329.980009079,7419,311,545,80.34,1.18
2022/7/28,43793.009934673,7521.889984131,47,4678.839988479,7342,305,558,91.96,1.19
2022/7/29,29116.619979858,5140.489971161,29,3229.389993668,6945,232,397,86.29,1.04
2022/7/30,29425.099968910,4001.290019989,32,3322.229974747,20565,221,363,92.08,1.19
2022/7/31,36404.930030823,10126.980001450,47,5473.850038528,8658,243,557,83.54,1.19
2022/8/1,53909.249964381,13974.179976463,36,6852.629930286,12722,407,1244,54.57,0.8
2022/8/2,61836.500144748,11064.619998693,40,5184.380023498,8406,472,802,90.9,1.21
2022/8/3,62725.360035686,8904.870018005,38,5752.410018921,7704,445,734,97.59,1.23
2022/8/4,58037.010042228,9372.050007582,46,5765.470002918,7326,422,733,91.96,1.41
2022/8/5,343419.640919704,14938.780030251,364,54200.820151348,17063,3255,3962,90.45,1.15
2022/8/6,247398.260227919,18489.110010147,261,37976.660025358,16088,2194,3049,87.2,1.01
2022/8/7,77894.670150995,7149.440017700,61,7781.270039320,9596,615,969,87.76,0.97
2022/8/8,145665.550091762,23257.239971161,90,14518.660071868,8878,975,1793,94.21,1.05
2022/8/9,119944.900190171,22025.530091066,76,12255.670045890,9086,778,1524,93.16,0.87
2022/8/10,116757.240169315,21568.209927559,85,10782.760039596,10984,787,1451,95.33,1.26
2022/8/11,119352.090216342,27129.350038355,89,9745.720000682,16563,991,1899,77.14,0.91
2020/3/16,,,,,2693,1,,,
2020/3/17,,,,,2562,1,,,
2020/3/18,,,,,2668,1,,,
2020/3/19,,,,,2728,1,,,
2020/3/20,,,,,2974,1,,,
2020/3/21,,,,,2819,1,,,
2020/3/22,,,,,2630,1,,,
2020/3/23,,,,,2619,1,,,
2020/3/24,,,,,2101,1,,,
2020/3/25,,,,,3402,1,,,
2020/3/26,,,,,2467,1,,,
2020/3/27,,,,,2572,1,,,
2020/3/28,,,,,2902,1,,,
2020/3/29,,,,,2818,1,,,
2020/3/30,,,,,2856,1,,,
2020/3/31,,,,,899,1,,,
2020/4/1,,,,,377,1,,,
2020/4/2,,,,,2550,1,,,
2020/4/3,,,,,2959,1,,,
2020/4/4,,,,,3167,1,,,
2020/4/5,,,,,2886,1,,,
2020/4/6,,,,,3263,1,,,
2020/4/7,,,,,3456,1,,,
2020/4/8,,,,,3564,1,,,
2020/4/9,,,,,3552,1,,,
2020/4/10,,,,,3693,1,,,
2020/4/11,,,,,3805,1,,,
2020/4/12,,,,,3452,1,,,
2020/4/13,,,,,3788,1,,,
2020/4/14,,,,,3960,1,,,
2020/4/15,,,,,4307,1,,,
2020/4/16,,,,,4195,1,,,
2020/4/17,,,,,4338,1,,,
2020/4/18,,,,,4417,1,,,
2020/4/19,,,,,3697,1,,,
2020/4/20,,,,,4364,1,,,
2020/4/21,,,,,4455,1,,,
2020/4/22,,,,,4827,1,,,
2020/4/23,,,,,4912,1,,,
2020/4/24,,,,,5176,1,,,
2020/4/25,,,,,5392,1,,,
2020/4/26,,,,,4789,1,,,
2020/4/27,,,,,5139,1,,,
2020/4/28,,,,,5080,1,,,
2020/4/29,,,,,5254,1,,,
2020/4/30,,,,,6129,1,,,
2020/5/1,,,,,4784,1,,,
2020/5/2,,,,,4132,1,,,
2020/5/3,,,,,4127,1,,,
2020/5/4,,,,,4942,1,,,
2020/5/5,,,,,4906,1,,,
2020/5/6,,,,,5033,1,,,
2020/5/7,,,,,4060,1,,,
2020/5/8,,,,,7484,1,,,
2020/5/9,,,,,6381,1,,,
2020/5/10,,,,,4742,1,,,
2020/5/11,,,,,9353,1,,,
2020/5/12,,,,,7199,1,,,
2020/5/13,,,,,6122,1,,,
2020/5/14,,,,,9137,1,,,
2020/5/15,,,,,6809,1,,,
2020/5/16,,,,,6390,1,,,
2020/5/17,,,,,5505,1,,,
2020/5/18,,,,,5905,1,,,
2020/5/19,,,,,6254,1,,,
2020/5/20,,,,,6973,1,,,
2020/5/21,,,,,5613,1,,,
2020/5/22,,,,,5279,1,,,
2020/5/23,,,,,5157,1,,,
2020/5/24,,,,,4319,1,,,
2020/5/25,,,,,4065,1,,,
2020/5/26,,,,,4416,1,,,
2020/5/27,,,,,4514,1,,,
2020/5/28,,,,,4305,1,,,
2020/5/29,,,,,4060,1,,,
2020/5/30,,,,,4361,1,,,
2020/5/31,,,,,4210,1,,,
2020/6/1,,,,,4757,1,,,
2020/6/2,,,,,4314,1,,,
2020/6/3,,,,,4474,1,,,
2020/6/4,,,,,4197,1,,,
2020/6/5,,,,,4038,1,,,
2020/6/6,,,,,19675,1,,,
2020/6/7,,,,,3770,1,,,
2020/6/8,,,,,4080,1,,,
2020/6/9,,,,,4050,1,,,
2020/6/10,,,,,3770,1,,,
2020/6/11,,,,,4227,1,,,
2020/6/12,,,,,3730,1,,,
2020/6/13,,,,,3971,1,,,
2020/6/14,,,,,3441,1,,,
2020/6/15,,,,,3168,1,,,
2020/6/16,,,,,3619,1,,,
2020/6/17,,,,,16706,1,,,
2020/6/18,,,,,12192,1,,,
2020/6/19,,,,,12630,1,,,
2020/6/20,,,,,5312,1,,,
2020/6/21,,,,,4509,1,,,
2020/6/22,,,,,9955,1,,,
2020/6/23,,,,,8681,1,,,
2023/6/29,49756.220018039,52920.689995298,1483,48617.919996271,7619,2209,5843,17.57,0.2
2023/6/30,60106.089973807,53824.309990406,1423,54519.030071497,8412,2327,5700,19.99,0.22
2023/7/1,65697.509976387,31220.349964380,1881,32785.749986172,11078,3491,6876,14.1,0.14
2023/7/2,66526.000082731,34173.699999332,1674,33366.179990053,9773,3223,6440,15.64,0.18
2023/7/3,62245.219887376,40113.759984732,1303,31004.939968228,7678,2263,5336,19.18,0.24
2023/7/4,52594.539958596,39195.379970551,1372,30121.679987073,7591,2189,5537,16.58,0.18
2023/7/5,57750.079903483,35175.139955649,1395,28354.409958014,22512,2410,5608,16.57,0.19
2023/7/6,58798.679916739,33339.989963174,1301,25742.870007634,8662,2360,5559,16.57,0.19
2023/7/7,51940.739897013,38202.839950442,1127,29862.969987512,7339,1666,4751,18.97,0.2
2023/7/8,62208.999869714,33030.459984779,1627,29191.629987240,9936,3060,6255,15.23,0.13
2023/7/9,60753.519925851,34028.659994006,1602,32219.479962945,9956,2995,5866,16.16,0.17
2023/7/10,48149.969941745,37155.080000767,1248,29942.810000429,7904,2226,4943,17.26,0.18
2023/7/11,57536.409838209,36535.669967899,1270,29206.289952297,17706,2421,5298,17.76,0.19
2023/7/12,66634.179781217,42280.010020275,1195,33643.629997768,8418,2220,4928,22.1,0.27
2023/7/13,59861.569814382,40505.419963250,1324,35160.699940765,8249,2328,5102,19.67,0.23
2023/7/14,55845.529876774,40355.050014533,1267,33886.569984721,8855,2435,5196,18.51,0.18
2023/7/15,48185.799965868,33876.299963007,1669,32346.229982505,10126,3000,5914,13.88,0.11
2023/7/16,50014.590028800,36045.859960318,1541,35703.480025062,10109,2903,5615,15.33,0.13
2023/7/17,38358.940021085,34537.409980893,1225,26813.729994783,7533,2082,4523,16.12,0.18
2023/7/18,42453.079991121,34826.210011601,1242,31096.340033650,8039,2217,4745,16.29,0.15
2023/7/19,42197.420047082,36277.990039110,1285,30167.820012450,9223,2385,4925,15.93,0.14
2023/7/20,33337.080060482,39792.230013490,1289,35497.070020676,8730,2313,4799,15.24,0.13
2023/7/21,35630.549990773,35129.019996047,1288,29729.130024314,8906,2236,4786,14.78,0.12
2023/7/22,52609.939988732,43339.539956093,1540,46859.819923759,10250,2803,5531,17.35,0.16
2023/7/23,53744.250002384,35680.78999722,1609,40068.780014873,10774,3131,5647,15.84,0.2
2023/7/24,68017.399990337,75936.860061407,1256,72418.259997029,9590,2390,4930,29.2,0.26
2023/7/25,76263.670006039,54161.889932761,1389,54870.309962897,10301,2696,5296,24.63,0.21
2023/7/26,75305.490062891,44768.499945402,1342,47056.929979013,10300,2660,5265,22.81,0.2
2023/7/27,64037.390087927,36617.419969082,1345,34804.749993453,9631,2428,4987,20.18,0.17
2023/7/28,69981.150066104,33114.409987807,1251,33195.409995217,10108,2342,4858,21.22,0.18
2023/7/29,74767.699881077,42808.869978786,1590,46503.609997272,11968,2990,5588,21.04,0.17
2023/7/30,51517.529961834,32370.200007081,1408,33623.999968538,10747,2661,5025,16.69,0.15
2023/7/31,69278.839861512,53561.059956193,1278,56780.839982748,10064,2412,4810,25.54,0.23
2023/8/1,79805.339988984,38284.300022034,1303,37668.060057998,12850,2503,5152,22.92,0.2
2023/8/2,69279.799943466,27526.329993496,1238,27655.909989366,12842,2513,4974,19.46,0.17
2023/8/3,80110.110007452,37410.589998731,1378,37405.209994225,14990,2759,5467,21.5,0.19
2023/8/4,74227.029970445,38137.579975853,1420,37886.389968652,10513,2742,5381,20.88,0.2
2023/8/5,76484.349965867,32384.260001192,1552,37609.720014619,11382,3113,5770,18.87,0.19
2023/8/6,68446.059906244,27498.699958563,1632,30795.559981823,11582,3206,5783,16.59,0.14
2023/8/7,64340.110080793,32406.169992328,1381,31259.329980392,10009,2555,5111,18.93,0.16
2023/8/8,101908.860179609,48437.299925823,1296,44885.220037341,9723,2548,5369,28,0.28
2023/8/9,101664.490046997,38151.030003786,1359,34751.989998708,12015,2824,5648,24.75,0.25
2023/8/10,101229.39001089,39942.480030674,1328,32876.580014991,15949,2846,5669,24.9,0.26
2023/8/11,99429.150222586,39286.370082498,1354,38981.310124306,9911,2767,5597,24.78,0.31
2023/8/12,61512.859968470,30195.319990158,1590,36046.279981880,11177,3266,5708,16.07,0.11
2023/8/13,58415.169989605,22466.869978189,1601,27344.379988670,11383,3361,5788,13.97,0.16
2023/8/14,59029.460048007,27599.240021119,1242,27207.030027399,9492,2463,4746,18.25,0.16
2023/8/15,57694.480064696,34027.149983177,1328,32172.630000124,9306,2431,4856,18.89,0.19
2023/8/16,56487.960086126,32025.110030890,1238,28820.459989548,9574,2367,4881,18.13,0.17
2023/8/17,81082.050010536,44699.089971790,1337,34460.849987214,9879,2738,5557,22.63,0.26
2023/8/18,69243.379955724,39225.510031031,1393,34590.420004753,9720,2618,5293,20.49,0.19
2023/8/19,71566.739939855,32444.139986405,1797,37399.359989928,11369,3493,6261,16.61,0.12
2023/8/20,67348.599902878,29974.600030899,1605,34237.549988756,10974,3262,5800,16.78,0.13
2023/8/21,82496.639688676,48841.799913544,1310,47131.699771918,9366,2598,5246,25.04,0.32
2023/8/22,63721.449799199,53263.780009968,1424,44476.599842576,12771,2650,5390,21.7,0.2
2023/8/23,61473.100018639,43114.510045538,1370,43522.330016255,9070,2505,5104,20.49,0.19
2023/8/24,56024.450007513,41983.280001745,1351,38027.590001084,9485,2466,5095,19.24,0.19
2023/8/25,60944.989958066,47574.470009685,1433,48711.699970264,9230,2402,5197,20.88,0.25
2023/8/26,59407.719982386,38716.210033774,1628,41304.089995742,9691,2877,5537,17.72,0.16
2023/8/27,60726.680032033,37701.530058512,1478,40430.690009374,9750,2687,5270,18.68,0.25
2023/8/28,61300.400057105,46949.770010948,1342,46242.999990014,8496,2300,5111,21.18,0.19
2023/8/29,59978.280028472,45416.209982395,1430,40670.679976830,8524,2320,5366,19.64,0.17
2023/8/30,55872.639969148,47418.130018950,1319,40008.650020389,8079,2027,5122,20.17,0.19
2023/8/31,55909.239959279,54573.550004244,1346,48353.859990524,8289,2118,5364,20.6,0.19
2023/9/1,62849.569953974,36596.649940848,1259,31314.929957509,10266,2297,5353,18.58,0.2
2023/9/2,130589.550045252,38820.230010152,2000,99916.440056205,14202,3721,7306,23.19,0.22
2023/9/3,61689.659992933,30102.589990616,1742,31345.250020027,12094,3197,6562,13.99,0.13
2023/9/4,58962.399946809,36033.989941129,1177,28677.819989333,8621,2148,5767,16.47,0.17
2023/9/5,52045.599843860,35518.56998384,1246,26138.790018320,7805,1992,5998,14.6,0.28
2023/9/6,105074.540052652,62775.429825664,1272,53566.060019255,7936,2108,6502,25.82,0.38
2023/9/7,79597.099955706,55183.539965868,1329,38422.290013570,8014,2026,6512,20.7,0.27
2023/9/8,93674.859852929,50310.000006676,1355,39445.539972324,8736,2117,6339,22.71,0.25
2023/9/9,108917.329984674,61041.360048890,1903,66879.970030794,17742,3449,7688,22.11,0.23
2023/9/10,58919.319976816,43815.099969158,1730,37810.780008554,11655,3266,7142,14.38,0.16
2023/9/11,70485.280068912,49183.819982538,1333,36487.839972781,8215,2111,6326,18.92,0.21
2023/9/12,70207.639992237,38426.200010896,1305,30245.399936795,7771,1988,6162,17.63,0.21
2023/9/13,70909.010037551,48146.000023484,1231,36787.610002041,7497,1966,6031,19.74,0.29
2023/9/14,129635.180029521,53853.979938278,1429,44803.340029964,9447,2836,7257,25.28,0.32
2023/9/15,88242.509937057,45405.939969182,1470,36047.350048184,8436,2337,6544,20.42,0.24
2023/9/16,103643.939931164,40577.699991465,2152,51686.999956736,9690,3945,8226,17.53,0.18
2023/9/17,83034.749990959,38365.820005298,2105,37753.980008382,9341,3695,8146,14.9,0.17
2023/9/18,60215.239977021,56784.110096812,1458,40517.919979472,7290,2008,6447,18.15,0.18
2023/9/19,93372.370054493,56541.689968944,1415,50535.360028625,7969,2098,6741,22.24,0.26
2023/9/20,95956.750025759,48649.150086880,1335,44776.360036502,9012,2071,6502,22.24,0.35
2023/9/21,97341.369862098,54112.639922747,1426,51905.199893493,8136,2006,6520,23.23,0.24
2023/9/22,88856.819774399,59759.049981127,1453,46931.539992819,10044,2157,6582,22.58,0.26
2023/9/23,79709.509946465,52764.790041685,1762,46596.849935532,11585,2969,6972,19,0.19
2023/9/24,88507.379917163,44693.230007529,1530,42498.149991641,9736,2534,6482,20.55,0.19
2023/9/25,75533.940070648,56416.110010028,1376,47410.809997568,7946,1866,6313,20.9,0.2
2023/9/26,59760.900036573,57268.939998865,1403,50364.009948850,7919,1813,6323,18.51,0.17
2023/9/27,68577.880051970,55187.860022306,1285,43812.390011430,7645,1815,5845,21.17,0.21
2023/9/28,67116.030038614,44064.200019240,1284,37194.340027232,8532,2060,5638,19.72,0.19
2023/9/29,64346.400024433,45251.119978437,1561,50043.619957475,13156,3259,5727,19.14,0.16
2023/9/30,80059.379898319,34636.759963274,2139,45142.530004034,15368,4538,7347,15.61,0.13
2023/10/1,80226.709909229,24655.809983969,2495,40247.529978303,16388,5214,7924,13.24,0.1
2023/10/2,73799.190034637,25235.909993649,2115,36436.200011024,15346,4771,7244,13.67,0.11
2023/10/3,77589.569958935,24558.279996762,2289,37271.520000119,15773,5028,7947,12.85,0.1
2023/10/4,62384.449945707,33287.649990568,1908,40129.240009069,12687,3927,6576,14.55,0.12
2023/10/5,63169.659997234,35848.180010127,1738,42339.460014371,11255,3364,6113,16.2,0.14
2023/10/6,63235.250006502,42030.169965552,1300,44468.070023840,9235,2388,5354,19.66,0.2
2022/8/12,142160.509940432,6537.019968748,46,6517.879980335,9087,982,1253,118.67,1.35
2022/8/13,42977.480019093,10344.909923553,33,8188.999924183,9065,367,575,92.73,0.85
2022/8/14,142594.349967003,10716.299983978,48,8856.280006409,9409,928,1236,124.04,1.41
2022/8/15,43720.139974136,4772.880016327,28,4335.880027313,7829,354,523,92.72,1.18
2022/8/16,51361.400049210,12407.459909439,35,6915.999931335,8180,387,716,89.06,1.09
2022/8/17,70351.299946556,19824.350019455,55,9679.899993896,9019,523,1049,85.96,0.95
2022/8/18,93768.469470024,11977.090024948,100,43947.639616013,7905,477,887,119.22,0.92
2022/8/19,33736.009970188,9162.339990616,30,4476.080000401,8128,292,531,80.79,1.06
2022/8/20,40999.240024567,8040.130069733,51,6359.550006866,10136,319,576,85.14,1.05
2022/8/21,42529.459981918,7634.429990768,35,3523.640012741,8739,324,580,86.49,1.12
2022/8/22,46666.510058898,9548.660047531,33,5642.110030899,7413,345,597,94.16,1.15
2022/8/23,38172.810081501,10537.569963455,39,6011.929977436,7442,322,604,80.65,1.09
2022/8/24,47039.789904794,17965.270018231,43,13295.960004138,7884,338,651,99.85,1.33
2022/8/25,37315.790015001,7080.880037079,32,5296.720010299,7199,256,473,93.86,1.17
2022/8/26,36459.349962234,8113.290017128,31,3532.270009041,7516,296,563,79.17,1.01
2022/8/27,32465.479987621,7248.719985962,23,2134.999993801,8270,317,559,71.05,0.86
2022/8/28,33388.450051308,8134.769945145,29,4698.059986115,8246,294,535,77.61,0.96
2022/8/29,34391.900013961,7669.010028839,28,4062.560000457,8017,251,508,82.8,0.91
2022/8/30,34644.629903793,9339.669996262,42,7940.389947891,7076,260,549,80.12,0.9
2022/8/31,15178.320015907,4398.350013733,14,3132.930006027,6729,133,226,86.62,0.99
2022/9/1,46929.839933395,13702.340047607,51,9964.379981766,16640,287,690,87.87,0.9
2024/11/10,227127.319588702,185747.24864608,2905,148841.248438517,11103,4248,11875,34.77,0.93
2024/11/11,258534.760102736,202535.369109191,1988,131509.768905411,8907,2937,10142,45.46,1.1
2024/11/12,86210.099774307,109202.189334529,1622,65059.269458450,6356,1789,7570,25.81,0.94
2024/11/13,62407.289807687,100024.229562195,1408,56588.129580140,5829,1537,6512,24.94,0.84
2024/11/14,68348.279526958,117493.889031485,1676,74842.989084670,6070,1650,7101,26.17,0.82
2024/11/15,74448.629503548,132795.478707494,1802,96862.728714187,6275,1756,6909,30,0.8
2024/11/16,84156.379500356,140357.788313761,2302,115420.288317993,8097,2622,7668,29.28,0.86
2024/11/17,79197.269487400,133858.568304954,2045,103005.878495524,7696,2341,7211,29.55,0.77
2024/11/18,71443.459637174,118058.42866295,1530,84562.528743982,5409,1335,5975,31.72,0.77
2024/11/19,64232.409755982,114692.158876905,1416,75718.898971984,5204,1226,5776,30.98,0.74
2024/11/20,67165.199838914,107419.799174089,1431,67898.239196448,5346,1406,6126,28.5,0.76
2024/11/21,63070.409555105,109838.888900597,1533,77467.838925609,5240,1309,6138,28.17,0.5
2024/11/22,38658.649977116,68336.859813718,1067,35288.139817514,5114,1073,4723,22.65,0.65
2024/11/23,56112.979769964,91857.919464713,1808,59179.439672159,8650,2187,6854,21.59,0.77
2024/11/24,49724.859860765,68655.389739648,1509,44981.219845438,7216,1701,5787,20.46,0.7
2024/11/25,83482.430160601,78850.379693614,1147,71202.520312268,7025,1243,5728,28.34,0.85
2024/11/26,58479.650068119,82884.42987266,1143,52048.769957649,6432,1212,5443,25.97,0.7
2024/11/27,77991.500418700,81739.719948653,1195,54755.299998807,5903,1377,5663,28.21,0.65
2024/11/28,82625.490016613,105031.239647074,1414,54974.069817081,6753,1650,6760,27.76,0.89
2024/11/29,111470.580290033,86274.029805370,1359,50438.599939035,9386,2331,7383,26.78,1.16
2024/11/30,120159.260570738,88042.149685623,2101,66790.599935735,12815,3250,8290,25.11,0.7
2024/12/1,307647.802479608,108774.349503035,2340,97538.219801148,14596,5041,11030,37.75,0.99
2024/12/2,227267.011475245,106975.589706074,1429,72519.689929258,10999,3297,8296,40.29,1
2024/12/3,154789.710645236,94060.839793179,1376,56625.259911703,9602,2286,7256,34.3,0.95
2024/12/4,151529.070492737,102988.080040816,1409,68608.550001981,17031,2327,7287,34.93,0.92
2024/12/5,139756.560736815,89457.290022202,1359,58417.190048208,20906,5619,11249,20.38,0.7
2024/12/6,141376.93087627,85709.620051699,1211,54788.060028968,14058,2620,7390,30.73,0.8
2024/12/7,177127.962088559,69542.710045002,1548,52801.250211446,15786,3733,8348,29.55,0.79
2024/12/8,73401.900703127,64121.310030973,1412,41371.050067026,12643,2261,6626,20.76,0.56
2024/12/9,171852.290171074,114892.449955503,1152,75818.620119710,10436,1779,6951,41.25,1.06
2024/12/10,139229.590198126,113493.08015232,1194,54562.550011821,8649,1562,6421,39.36,1.09
2024/12/11,136659.800005363,96355.049926933,1131,56501.049912307,8700,1730,6499,35.85,0.81
2024/12/12,150384.690386726,106673.859991176,1137,64731.930182466,29879,1585,6548,39.26,0.87
2024/12/13,127178.940210717,71708.940070180,894,97754.870035172,12141,977,4336,45.87,1.02
2024/12/14,52945.760172116,65520.109884340,1418,45908.109999845,15024,1951,5596,21.17,0.47
2024/12/15,38727.789831039,53253.289998788,1409,33090.439979512,13535,1694,5536,16.62,0.43
2024/12/16,227228.559758913,111793.439825939,1236,72493.049787147,11888,2204,7275,46.6,0.95
2024/12/17,289598.720383693,94516.569927592,1160,61576.069959916,11523,2157,6824,56.29,1.36
2024/12/18,594260.979979174,130752.399948929,1364,127765.949991677,13137,5602,10588,68.48,1.24
2024/12/19,155708.25872683,97855.859909549,1108,54045.839756275,7707,1646,6011,42.18,0.9
2024/12/20,208348.817515893,102650.679914732,1120,67180.889741514,9330,2028,6052,51.39,0.85
2024/12/21,245258.006576795,109138.259636331,1328,73996.359636664,11833,2631,6763,52.4,1.09
2024/12/22,460117.707529135,109247.829155911,1362,88592.718654947,27755,3965,8431,67.53,1.02
2024/12/23,374263.069754548,124840.849386184,1196,83038.189011035,31217,2902,7435,67.13,0.97
2024/12/24,462475.810910368,129523.249337353,1201,103469.399040852,25013,2916,7558,78.33,1.03
2024/12/25,313382.335068747,139106.509742588,1192,102225.559594084,15214,2183,6851,66.05,0.96
2024/12/26,141030.648209536,103851.95974792,1110,66931.819718834,36019,1283,5388,45.45,0.68
2024/12/27,227780.615948953,114603.459558249,1047,87453.289402980,110185,1660,5527,61.95,0.81
2024/12/28,127878.168448994,109618.959800629,1437,57776.739716250,33808,1885,6274,37.85,0.45
2024/12/29,126890.067871869,101452.859716196,1238,64073.279852271,33999,1678,5591,40.84,0.65
2024/12/30,134537.408979919,153959.139718262,1054,128445.129793163,49324,1217,4981,57.92,0.85
2024/12/31,141770.228577921,136404.089843273,1066,97086.439878583,34674,1588,4972,55.95,0.58
2025/1/1,162797.399308432,99548.369900364,1628,59671.459931711,47286,2883,6639,39.52,0.78
2025/1/2,278612.608226368,112011.409705767,958,116404.419662545,29697,1904,5438,71.83,1
2025/1/3,276012.996529469,112672.229874372,955,87745.869582891,37518,2148,5608,69.31,1.03
2025/1/4,353847.80363287,130140.639579892,1301,91896.289291997,38532,3294,6938,69.76,0.75
2025/1/5,243944.745311407,99991.229637155,1278,65856.629585413,22799,2913,6664,51.61,0.81
2025/1/6,743515.306491548,449446.919399738,1853,271908.979657112,35344,4101,11590,102.93,1.27
2025/1/7,549436.525753815,236692.459429283,1315,196393.309292601,30614,2939,8383,93.78,1.13
2025/1/8,660396.835843747,267596.299610257,1383,218056.949762234,34151,3389,9513,97.55,1.17
2025/1/9,605517.980859363,233373.339446811,1327,190397.638951872,34565,3493,8641,97.08,1.1
2025/1/10,564633.775541998,252282.029325128,1177,198836.029397167,21730,2748,7492,109.04,1.18
2025/1/11,430266.255307984,208053.329447398,1476,144128.74943368,21940,2899,7833,81.49,0.98
2025/1/12,341933.198295305,178461.559744358,1412,116777.280002901,19965,2677,7643,68.09,0.87
2025/1/13,1009440.47648031,232012.930089602,1774,304685.589805054,25756,7370,12533,99.05,1.14
2025/1/14,1282612.02521525,276537.028847098,1599,312035.707475452,32093,7473,13265,117.54,1.15
2025/1/15,795372.12278909,290928.129591851,1411,235031.929392595,24149,4582,10484,103.62,1.1
2025/1/16,494975.017203929,260535.379628852,1355,210615.679909175,20943,2787,8282,91.22,1.06
2025/1/17,512074.535832401,244916.01965929,1288,238384.589619495,21762,2673,7793,97.14,1.06
2025/1/18,407902.66682446,238093.519830713,1453,147540.369863212,24162,2863,8212,78.66,0.87
2025/1/19,385301.387632677,208086.139814198,1262,120737.229832649,23861,2580,7344,80.8,0.89
2025/1/20,437312.647641417,221964.209528625,1262,161564.619604129,25808,2879,7720,85.4,0.91
2025/1/21,378872.437539671,201613.959381489,1060,120785.709649848,25772,2480,6540,88.76,0.91
2025/1/22,335387.296457557,168906.21939511,941,117765.889550218,28149,2141,5521,91.34,0.89
2025/1/23,237608.146771418,113244.019763805,808,77038.819633722,27573,1736,4409,79.58,0.86
2025/1/24,161849.197480459,85540.349715710,597,54233.139765024,30387,1288,3285,75.31,0.85
2025/1/25,48323.309813440,41885.720014811,518,24341.409981668,34334,719,2148,42,0.81
2025/1/26,35612.090004206,30809.339949846,511,25225.340021849,39129,701,1902,34.92,0.89
2025/1/27,22254.119972467,28148.430028558,471,17770.619994998,46008,681,1654,30.47,0.89
2025/1/28,17023.120000491,28989.469997406,457,25349.399985313,64431,578,1465,31.41,0.87
2025/1/29,24888.629966855,16839.140003324,1000,15095.580006778,48766,1582,3008,13.87,0.45
2025/1/30,22347.369966388,14392.570025563,780,13116.610003471,62474,1171,2336,15.73,0.64
2025/1/31,21694.419964671,40960.020021319,648,36939.930003405,63375,1131,2111,29.68,1.16
2025/2/1,36098.309957385,18090.380007267,756,15168.770004392,62949,1438,2653,20.43,0.91
2025/2/2,42566.109963197,18733.470004559,883,15503.899980564,61270,1617,3034,20.2,0.91
2025/2/3,41571.119961876,28198.420003176,940,23277.760010976,57607,1587,3156,22.11,1.29
2025/2/4,41621.130069613,32597.319997191,1037,21590.409995556,53491,1715,3525,21.05,1.02
2025/2/5,49511.459986567,49898.769935608,709,21084.830035448,45880,1264,2897,34.31,1.23
2025/2/6,63058.870002000,51199.570078611,716,28088.090019373,39952,1274,3104,36.81,1.15
2025/2/7,65209.24992566,45388.799859714,627,31094.069969522,34310,1047,2921,37.86,1.13
2025/2/8,65580.779988147,52074.900039099,795,29434.109998364,31482,1288,3309,35.56,1.13
2025/2/9,59202.799977330,39382.930058427,863,25248.220035324,30992,1471,3616,27.26,0.94
2025/2/10,61454.959956106,49274.700060984,858,27127.020007180,25248,1359,3604,30.72,0.36
2025/2/11,74584.119890608,57865.050004644,756,44202.199987957,25013,1264,3371,39.29,1.25
2025/2/12,62628.170029037,55456.059933232,705,30957.230001954,26476,1236,3257,36.26,1.12
2025/2/13,92648.250121687,58692.870071618,679,33917.760027703,20405,1393,3626,41.74,1.22
2025/2/14,114958.350413615,61234.110044388,700,35854.489998002,17440,1650,3994,44.11,0.75
2025/2/15,78548.810372362,50522.609990712,1102,33114.620035786,19812,1655,4467,28.89,1.02
2025/2/16,107934.8605705,50338.479998168,1044,29091.499987016,19282,1824,4791,33.04,1.08
2025/2/17,72502.430237520,59799.699973680,597,31582.270007312,12838,962,3205,41.28,1.16
2019/8/21,,,,,1,1,,,
2019/8/28,,,,,1444,1,,,
2019/8/29,,,,,1837,1,,,
2019/8/30,,,,,212,1,,,
2019/9/2,,,,,2170,1,,,
2019/9/3,,,,,300,1,,,
2019/9/4,,,,,2670,1,,,
2019/9/5,,,,,5,1,,,
2019/9/6,,,,,2,1,,,
2019/9/7,,,,,2,1,,,
2019/9/8,,,,,16,1,,,
2019/9/9,,,,,88,1,,,
2019/9/10,,,,,65,1,,,
2019/9/11,,,,,15,1,,,
2019/9/12,,,,,9,1,,,
2019/9/13,,,,,10,1,,,
2019/9/14,,,,,6,1,,,
2019/9/15,,,,,9,1,,,
2019/9/16,,,,,13,1,,,
2019/9/17,,,,,44,1,,,
2019/9/18,,,,,16,1,,,
2019/9/19,,,,,22,1,,,
2019/9/20,,,,,7,1,,,
2019/9/21,,,,,3,1,,,
2019/9/22,,,,,29,1,,,
2019/9/23,,,,,20,1,,,
2019/9/24,,,,,12,1,,,
2019/9/25,,,,,7,1,,,
2019/9/26,,,,,8,1,,,
2019/9/27,,,,,20,1,,,
2019/9/28,,,,,39,1,,,
2019/9/29,,,,,30,1,,,
2019/9/30,,,,,31,1,,,
2019/10/1,,,,,34,1,,,
2019/10/2,,,,,38,1,,,
2019/10/3,,,,,25,1,,,
2019/10/4,,,,,27,1,,,
2019/10/5,,,,,26,1,,,
2019/10/6,,,,,38,1,,,
2019/10/7,,,,,43,1,,,
2019/10/8,,,,,39,1,,,
2019/10/9,,,,,36,1,,,
2019/10/10,,,,,43,1,,,
2019/10/11,,,,,19691,1,,,
2019/10/12,,,,,218000,1,,,
2019/10/13,,,,,175703,1,,,
2019/10/14,,,,,56,1,,,
2019/10/15,,,,,51,1,,,
2019/10/16,,,,,30,1,,,
2019/10/17,,,,,27,1,,,
2019/10/18,,,,,18,1,,,
2019/10/19,,,,,26,1,,,
2019/10/20,,,,,106,1,,,
2019/10/21,,,,,92,1,,,
2019/10/22,,,,,2144,1,,,
2019/10/23,,,,,59,1,,,
2019/10/24,,,,,49,1,,,
2019/10/25,,,,,28,1,,,
2019/10/26,,,,,31,1,,,
2019/10/27,,,,,46,1,,,
2019/10/28,,,,,44,1,,,
2019/10/29,,,,,36,1,,,
2019/10/30,,,,,32,1,,,
2019/10/31,,,,,1743,1,,,
2019/11/1,,,,,12492,1,,,
2019/11/2,,,,,4031,1,,,
2019/11/3,,,,,3609,1,,,
2019/11/4,,,,,3474,1,,,
2019/11/5,,,,,3375,1,,,
2019/11/6,,,,,3338,1,,,
2019/11/7,,,,,1467,1,,,
2019/11/8,,,,,1233,1,,,
2019/11/9,,,,,1068,1,,,
2019/11/10,,,,,1252,1,,,
2019/11/11,,,,,873,1,,,
2019/11/12,,,,,758,1,,,
2019/11/13,,,,,1366,1,,,
2019/11/14,,,,,2987,1,,,
2019/11/15,,,,,2681,1,,,
2019/11/16,,,,,2078,1,,,
2019/11/17,,,,,1993,1,,,
2019/11/18,,,,,1618,1,,,
2019/11/19,,,,,1674,1,,,
2019/11/20,,,,,1439,1,,,
2019/11/21,,,,,1630,1,,,
2019/11/22,,,,,41484,1,,,
2019/11/23,,,,,2152,1,,,
2019/11/24,,,,,2198,1,,,
2019/11/25,,,,,1638,1,,,
2019/11/26,,,,,1834,1,,,
2019/11/27,,,,,1943,1,,,
2019/11/28,,,,,1964,1,,,
2019/11/29,,,,,2059,1,,,
2019/11/30,,,,,2578,1,,,
2019/12/1,,,,,2258,1,,,
2019/12/2,,,,,2020,1,,,
2019/12/3,,,,,34419,1,,,
2019/12/4,,,,,334559,1,,,
2019/12/5,,,,,781581,1,,,
2019/12/6,,,,,1347030,1,,,
2022/12/11,108977.069899213,31931.809960589,117,27485.529987143,7386,413,1475,95.53,1.1
2022/12/12,153518.329850482,41072.659987221,171,53386.719966467,8262,543,1747,111.39,1.12
2022/12/13,24678.299991608,6347.140002975,26,6083.620000839,13732,138,304,102.06,0.94
2022/12/14,94459.841596145,14459.119989395,75,16759.029958267,8885,294,710,153.41,1.61
2022/12/15,146745.190357815,15266.570007702,118,24043.690064926,9015,1384,2063,78.53,0.96
2022/12/16,121155.269922504,19174.610013733,89,60413.799941787,5991,310,784,178.99,1.85
2022/12/17,67234.510077972,14075.820024751,89,21044.250036258,6578,366,790,102.92,0.97
2022/12/18,67598.490072250,10615.370038986,85,18317.100017548,6507,415,761,102.78,0.86
2022/12/19,72200.380170593,11128.969966888,65,15283.590066681,16397,520,817,101.99,0.82
2022/12/20,127437.350080013,13995.380028725,138,31694.530046463,12253,794,1282,110.32,0.93
2022/12/21,150580.550286064,23026.160043487,139,39051.260059852,13774,872,1618,107.3,1.02
2022/12/22,131541.700280666,18627.590044498,122,35358.050016403,13819,784,1412,106.35,1.02
2022/12/23,122399.490332622,27777.020009995,109,42527.120071430,11631,628,1186,126.62,1.13
2022/12/24,119634.970300674,19949.850042343,140,36208.540065765,11146,695,1276,109.39,0.97
2022/12/25,131853.270368576,28827.109979630,152,41908.820016861,11072,816,1524,105.43,0.95
2022/12/26,126416.790350227,20887.740047455,130,26594.330123901,13069,775,1492,98.73,0.98
2022/12/27,99002.200249214,11934.099992752,118,26084.930028686,16327,745,1122,98.87,0.77
2022/12/28,205908.170191288,18932.550023079,144,63882.010105133,14541,959,1361,165.2,1.23
2022/12/29,611321.169550475,105955.989891777,605,222315.719753074,17281,2732,5462,131.32,1.31
2022/12/30,292271.629515437,64842.179941177,297,118121.229467887,16211,900,2512,142.16,1.23
2022/12/31,190911.550041795,43710.230010033,218,78692.800042152,18094,542,1709,137.29,1.36
2023/1/1,194646.570023078,44168.050010443,1067,82176.810011405,24602,2168,4177,57.17,0.5
2023/1/2,190970.819868445,49731.560024738,945,97440.799999356,18638,1851,3900,61.72,0.56
2023/1/3,183123.840025444,58984.440000772,1063,87065.739978690,20487,2021,4298,56.33,0.5
2023/1/4,283713.819822202,96648.159981737,1486,155351.849998493,20953,2889,6022,63.16,0.5
2023/1/5,228163.260082612,63728.50999856,1587,121867.790095568,22053,3103,5802,50.31,0.38
2023/1/6,292241.730004072,71680.190051794,1951,172189.259995461,20762,3682,6805,53.48,0.39
2023/1/7,272102.589735279,68892.759844065,2604,142095.189546475,20871,4761,8050,42.36,0.33
2023/1/8,291345.650047183,73953.229926825,2577,160266.450071454,19781,5018,8266,44.19,0.36
2023/1/9,297593.770136476,74160.220062494,1853,164955.720036149,27811,3537,6588,56.43,0.43
2023/1/10,310827.840807915,90383.850004077,1966,196746.18050015,24176,3483,6644,60.39,0.45
2023/1/11,229003.119984813,73321.260016600,1816,130525.449967861,30322,3378,6261,48.29,0.38
2023/1/12,215219.870106459,56651.860023975,1787,121597.890023112,24471,3086,5904,46.05,0.38
2023/1/13,195075.570111036,54652.709956620,1477,96058.990111828,26946,2686,5305,47.07,0.36
2023/1/14,137594.4699862,47905.709955096,1333,76995.839993119,64568,2259,4422,41.95,0.35
2023/1/15,136879.219958305,41373.460022926,1294,70127.990034342,67875,2260,4335,41.12,0.35
2023/1/16,103539.699708581,32429.439993739,1355,61617.799735785,24922,2413,4243,32.05,0.26
2023/1/17,88140.499929190,40406.359391809,1566,59236.649372816,33139,2843,4717,27.25,0.22
2023/1/18,73948.720034480,36666.319900036,1763,57096.629941821,37354,3139,5097,21.7,0.16
2023/1/19,51680.800000072,20554.939971924,1929,38290.539986372,28680,3385,5151,14.02,0.09
2023/1/20,36029.970002174,9413.600012541,1427,22568.380001783,36376,2656,4045,11.23,0.08
2023/1/21,32771.570003510,7405.330013990,1330,21515.639996290,44233,2367,3347,12,0.09
2023/1/22,83597.880032778,9108.960005641,3484,57183.190005660,31435,6852,8626,10.75,0.04
2023/1/23,50024.019997597,7886.440002203,2197,32037.840001345,31409,4137,5493,10.54,0.07
2023/1/24,61298.840008020,8440.309988737,2306,37705.019994736,31550,4615,5925,11.77,0.07
2023/1/25,64174.359970808,10216.540001392,2655,42045.260002375,31868,5283,6786,10.96,0.06
2023/1/26,69289.410038829,10633.360003829,2832,42592.710000515,32133,5762,7475,10.69,0.06
2023/1/27,69090.710032582,14209.009979486,2980,46749.340015292,30663,5713,7767,10.72,0.07
2023/1/28,71461.310021400,26690.859990835,2869,51860.469994783,28109,5454,7703,12.74,0.07
2023/1/29,61664.249951839,20027.700018406,2823,47250.350005150,24804,5425,7663,10.66,0.05
2023/1/30,86371.300050974,35300.659960508,2923,61021.720002532,17987,5147,8083,15.05,0.12
2023/1/31,91876.260038137,30668.069947839,3015,68194.409946561,19201,5441,8305,14.76,0.11
2023/2/1,95544.189419150,31779.849975586,2236,46535.159989834,22090,5171,8110,15.7,0.16
2023/2/2,73203.979924092,26278.489997029,2077,42508.149996886,18046,4054,6666,14.92,0.14
2023/2/3,65650.330069790,23632.589996576,2322,38391.290000686,16252,4185,6955,12.84,0.1
2023/2/4,73643.520101070,26740.079992890,2644,49941.570039272,16838,4977,7751,12.95,0.1
2023/2/5,62398.250000266,17711.520000935,2656,38480.519999770,19970,5010,7594,10.55,0.07
2023/2/6,45868.749985227,21900.730029583,1191,28261.380001912,14748,2227,4100,16.53,0.12
2023/2/7,52397.700070400,21326.079993486,824,29847.630019197,11047,1599,3233,22.8,0.19
2023/2/8,57590.109977970,27151.130028248,784,37337.929999003,10039,1532,3212,26.38,0.25
2023/2/9,45457.879991753,26413.869974533,883,30889.790007252,10231,1542,3301,21.77,0.19
2023/2/10,42335.820007205,23487.300019860,972,26271.949988127,9304,1659,3451,19.07,0.16
2023/2/11,59706.889931478,30199.279973585,1740,40265.76999259,12893,3123,5635,15.95,0.12
2023/2/12,60586.190003643,18779.400025487,1425,26682.879996190,12865,2705,4764,16.66,0.13
2023/2/13,51359.539975176,30578.490010858,827,37033.900016913,8928,1426,3371,24.31,0.22
2023/2/14,48146.960007071,33647.759984732,831,31488.990015864,8071,1371,3494,23.41,0.2
2023/2/15,44275.739962816,27968.379987001,885,30707.429993629,9656,1364,3326,21.72,0.19
2023/2/16,45754.419994244,32760.200014830,971,33464.270023236,7437,1455,3560,22.05,0.18
2023/2/17,50103.549976468,28673.089959025,1038,34273.569984913,7093,1742,3957,19.91,0.16
2023/2/18,61526.850013971,23857.469988585,2181,40895.189993382,12052,3859,6623,12.89,0.07
2023/2/19,63484.979968309,26215.889962673,2055,38383.360006332,11107,3527,6546,13.7,0.09
2023/2/20,48361.390010118,36184.040009022,989,40691.419984818,6780,1461,3921,21.56,0.2
2023/2/21,43327.130102754,34450.060022473,917,32880.370008588,7900,1346,3808,20.42,0.19
2023/2/22,43415.710065264,35176.920039067,898,35211.240033178,6504,1316,3697,21.26,0.21
2023/2/23,43941.270007299,37607.460018039,927,34318.650011944,6402,1460,3933,20.73,0.17
2023/2/24,44280.799987931,33057.920017838,1088,36054.190002341,5372,1689,4081,18.95,0.13
2023/2/25,61801.760010371,29794.859977484,2062,46347.510008225,8541,3623,6523,14.04,0.07
2023/2/26,60450.370026946,37539.800031662,2076,50553.100014925,8390,3540,6646,14.74,0.09
2023/2/27,49275.530069470,42287.620051861,1113,42052.300007701,5654,1615,4303,21.28,0.16
2023/2/28,48638.910037398,47326.749999285,1120,48263.679993391,8839,1709,4605,20.84,0.17
2023/3/1,44226.580015669,40215.999955893,1051,35651.350005398,7400,1850,4722,17.88,0.16
2023/3/2,38305.340003729,38888.199959636,1210,39582.86997509,6414,1779,4818,16.02,0.14
2023/3/3,30680.120031146,35159.379998446,1097,37272.680009851,5897,1760,4323,15.23,0.12
2023/3/4,110501.490066199,41281.760053305,2469,66802.010020632,9888,4401,8259,18.38,0.14
2023/3/5,76144.800087104,41395.230073690,2197,47259.360021591,8909,3875,7673,15.32,0.13
2023/3/6,63395.219952714,42032.950012960,1214,42138.269955939,6207,1906,5364,19.65,0.22
2023/3/7,69046.569985574,45482.580025462,1179,48940.089936083,5844,1871,5268,21.74,0.28
2023/3/8,101782.180210995,58370.980078496,1558,55210.370070532,6537,2579,6497,24.65,0.25
2023/3/9,62475.980067156,41887.730065078,1141,36362.700000783,10882,1725,5083,20.53,0.3
2023/3/10,74645.490056533,32454.840000162,1415,37016.240017680,6222,2525,5961,17.97,0.17
2023/3/11,80101.439963359,44196.190024385,2156,55921.360004215,8860,4071,7538,16.49,0.11
2023/3/12,74658.570005931,30494.430027008,1679,38159.460017361,7352,3019,6293,16.71,0.15
2023/3/13,69756.240017232,45106.110032329,1118,41746.679972218,5399,1774,5040,22.79,0.24
2023/3/14,61472.680061487,37806.930020571,1217,36028.559995083,5151,1879,5137,19.33,0.18
2023/3/15,70206.020078963,44745.579993615,1103,41519.600020474,5040,1737,4968,23.14,0.23
2023/3/16,67710.160038957,44199.350013513,1079,43051.430031557,5596,1813,4888,22.89,0.28
2023/3/17,60760.800074248,49404.180004138,1112,46922.719994115,5273,1807,4735,23.27,0.3
2023/3/18,76467.950173736,63288.520002622,2017,72506.480007190,8285,3758,7074,19.76,0.19
2023/3/19,71663.159980958,39366.750011086,2006,43968.120017475,8079,3598,7064,15.72,0.12
2023/3/20,69971.280115733,48495.209989905,1140,44509.450006137,5300,1747,5173,22.9,0.29
2026/3/25,46743.069942215,66356.529904444,433,31780.589984745,10316,1017,3135,36.08,1.09
2026/3/26,35859.339883465,73584.869899241,490,32298.649992654,10568,944,3245,33.73,1
2026/3/27,39973.679888824,73921.559976676,549,32663.800021896,11129,898,3270,34.83,1.08
2026/3/28,39869.929770268,66850.659926850,836,28769.910021681,16000,1462,4004,26.65,0.89
2026/3/29,38858.969778303,57213.579959720,788,23846.990017569,14817,1318,3628,26.48,0.89
2026/3/30,32950.090010850,73194.619906921,485,39705.459990768,9839,743,2603,40.78,1.15
2026/3/31,35497.319771973,68493.959965913,472,25481.129984269,9508,873,3108,33.46,0.92
2026/4/1,44515.509849416,67590.879962550,540,24746.159960279,9949,1103,5198,21.57,0.92
2026/4/2,43946.629971184,71611.279781787,532,28776.889975497,10165,944,3719,31.07,1.03
2026/4/3,31472.949842151,59064.499736607,508,21843.609999925,11207,846,4291,21.1,0.88
2026/4/4,33250.56993399,50019.439881751,817,24051.109963387,16065,1293,4854,17.15,0.97
2026/4/5,34233.019813001,43998.149859477,841,17750.669969836,16605,1374,4484,17.45,0.88
2026/4/6,100371.090148399,57535.269949364,705,27314.129980326,14957,1318,3474,45.45,1.73
2026/4/7,41189.989972968,69219.809847370,456,30010.950001547,9697,574,4092,26.98,1.17
2026/4/8,24820.599898884,67144.159846306,393,30344.479998598,9359,448,3350,27.45,1.07
2026/4/9,30742.549740911,62008.369886458,426,32026.539962113,9338,505,2280,40.68,1.32
2026/4/10,30395.559853852,71578.949883491,484,36359.509971499,10311,521,2493,40.9,1.38
2026/4/11,33363.799820671,59711.419828653,747,30054.269979188,14131,994,3133,29.71,1.01
2026/4/12,28324.709851811,89167.649929568,674,22122.980022356,14356,990,3068,38.3,1.37
2026/4/13,25638.409880904,51758.599936008,391,24250.959979603,9644,564,2296,33.71,1.1
2026/4/14,15954.649932275,55302.939974666,418,28614.069982896,9452,513,2366,30.12,0.96
2026/4/15,40697.700076640,65025.410102785,423,26375.989998639,10076,604,2815,37.56,1.18
2026/4/16,27195.629990766,58768.589930534,434,30877.810018549,9864,587,2670,32.2,1.06
2026/4/17,32347.369962513,60930.279765764,556,31845.460003525,11847,807,3561,26.19,0.88
2026/4/18,27012.389898727,62604.179765999,854,30470.649970353,16072,1125,3969,22.58,0.81
2026/4/19,30381.949895699,53634.809754312,624,18619.070006559,14674,870,3428,24.51,0.79
2026/4/20,25788.739847513,63128.839656532,432,26215.819963211,9783,594,2887,30.8,0.95
2026/4/21,22807.829779305,81974.109447300,470,39798.579944074,9664,643,3565,29.39,0.86
2026/4/22,27342.619672781,75962.369517878,518,35006.139940390,10539,1041,4031,25.63,0.85
2026/4/23,36025.159791250,85277.429608583,689,37309.669987857,10210,1215,4566,26.57,0.87
2026/4/24,37033.609760957,75989.899665069,662,38846.579964230,10915,971,3936,28.72,1
2026/4/25,38587.579878997,78201.009683689,1061,46630.219948590,14883,1232,4156,28.1,1
2026/4/26,32131.139973531,61405.809866726,689,29366.680022806,13670,853,3180,29.41,0.99
2026/4/27,42597.000001499,71919.969849288,592,38821.900009224,9648,652,2875,39.83,1.31
2026/4/28,45218.869452074,72823.879658788,462,33256.959962770,9537,656,2928,40.32,1.35
2026/4/29,27284.489763159,68656.769677371,532,30230.679951716,9733,655,2937,32.67,1.07
2026/4/30,22492.310058236,55120.639782287,588,25653.499979712,11498,623,2830,27.43,0.87
2026/5/1,29370.850100398,39143.109897316,759,15787.969995022,17594,1218,3240,21.15,0.83
2026/5/2,27518.180057600,43460.939943030,748,18235.209974363,17443,1018,3167,22.41,0.88
2026/5/3,25889.960037405,35950.469856182,683,18461.129986048,15262,1005,2759,22.41,0.91
2026/5/4,28400.420051098,48279.009919047,749,21708.589986682,15162,1056,3315,23.13,0.93
2026/5/5,24238.350105703,47777.189891756,599,21894.699963868,13413,747,2853,25.24,0.95
2026/5/6,42238.359962821,74466.499658525,475,31671.329927921,9290,462,2848,40.98,1.35
2022/2/14,27335.410165310,5954.570022583,27,2563.110015869,13593,898,1371,24.28,0.39
2022/2/15,8442.299999237,2647.920017013,9,449.400001526,13548,88,163,68.04,1.06
2022/2/16,14369.430030594,2135.020015717,9,892.899995804,10666,111,176,93.78,1.42
2022/2/17,25574.550151825,4904.370002517,22,1986.100008011,9984,264,481,63.37,0.97
2022/2/18,21079.160091400,4336.199998856,30,2465.000003815,9550,224,367,69.25,1.08
2022/2/19,20120.090066195,4697.990011215,18,2032.600001574,11096,227,370,67.08,1.1
2022/2/20,21324.040119171,2535.850012064,21,1956.850006819,10805,222,341,69.97,1.01
2022/2/21,33105.350245476,5156.010035763,30,3160.000025272,8169,335,584,65.52,0.94
2022/2/22,24735.320211411,4535.780028637,27,2903.790046271,7361,243,433,67.6,1.02
2022/2/23,21793.850152969,6431.380093575,14,1065.600006104,6542,238,422,66.88,1.03
2022/2/24,20265.160081863,7450.620011687,22,3681.200023651,6375,211,379,73.13,1.12
2022/2/25,21740.310078621,4298.860031128,32,3482.800010681,7218,234,382,68.17,1.03
2022/2/26,21145.17015028,4035.690030703,25,1650.550024033,9665,201,358,70.34,1.1
2022/2/27,17794.220089436,5128.900039444,24,2262.060014725,10648,187,340,67.42,1.04
2022/2/28,24212.360176325,5772.570031909,25,2363.010006189,7814,239,457,65.61,1.01
2022/3/1,27981.390105972,5729.880045414,30,3168.699990997,6425,301,511,65.97,0.94
2022/3/2,6283.770005561,1509.449997321,13,1280.830007324,4893,68,200,38.97,0.59
2022/3/3,4688.850002088,1323.169993667,7,460.010000229,5203,42,101,59.52,0.96
2022/3/4,54719.970053921,20122.600011349,46,8773.729997406,5422,309,1043,71.76,0.91
2022/3/5,32558.960073490,9821.600028753,32,3167.350003738,7726,246,622,68.14,0.97
2022/3/6,23796.500156879,8570.510049820,19,2001.359999657,6931,180,478,67.71,0.95
2022/3/7,26773.960014343,11089.790004730,37,3493.279996872,4703,232,703,53.86,0.69
2022/3/8,35616.349898577,11729.299989700,28,2853.009994507,5662,308,792,59.78,0.69
2022/3/9,16602.000049362,4690.780034561,24,2246.329986343,4949,161,316,67.38,1.06
2022/3/10,21121.140073299,5698.870004654,18,1450.340009212,4454,214,371,72.29,1.15
2022/3/11,20544.190086208,6567.619985102,26,2722.099985600,4459,210,390,69.52,1.16
2022/3/12,12539.760059357,3627.760013580,14,917.899995804,5945,119,245,65.99,1.08
2022/3/13,13095.380090714,2826.700010300,13,1760.100013733,5392,134,238,66.9,1.08
2022/3/14,18359.910089493,4386.299995422,19,1629.810016632,3937,195,384,59.23,0.93
2022/3/15,18777.750145435,3206.449998856,22,2737.320038319,3912,203,343,64.09,1.15
2022/3/16,11818.850025177,1436.199998856,16,1531.650014877,4643,131,187,70.88,1.33
2022/3/17,22803.180110216,5290.740033150,25,4310.750011444,3691,196,406,69.2,1.2
2022/3/18,11673.800050735,3255.210046533,11,1501.110002289,3819,135,246,60.69,1.04
2022/3/19,16644.710092545,4865.430024184,17,2878.390022278,4722,179,318,67.64,1.22
2022/3/20,16901.270090103,3040.120021362,13,1023.750003815,4467,218,339,58.82,1.04
2022/3/21,20263.370107422,4720.460023807,21,2437.200016022,3501,200,360,69.4,1.19
2022/3/22,16147.150094986,4692.350029707,19,3015.349996567,3990,188,289,72.11,1.23
2022/3/23,17647.360068798,3427.830020675,24,3817.700014114,4680,167,298,70.72,1.24
2022/3/24,14763.500110626,2621.020030517,13,1675.600023270,3780,160,277,62.76,1.12
2022/3/25,14106.650055885,3890.549998283,15,1639.500001907,3599,154,275,65.44,1.11
2022/3/26,11133.450027227,1932.240005493,10,868.200000525,4811,128,183,71.4,1.11
2022/3/27,12203.700000763,1485.099988937,10,1273.400003433,4948,138,180,76.05,1.16
2022/3/28,12535.100028992,891.899993896,8,783.900001526,4027,118,165,81.38,1.27
2022/3/29,26084.020082474,6383.050025940,75,5516.990017414,3912,213,600,54.11,1.03
2022/3/30,19422.470159531,5490.030040512,24,3145.700021744,3535,201,371,67.15,1.33
2022/3/31,17838.110124359,3074.460006714,20,1671.200027466,3582,191,305,68.57,1.28
2022/4/1,13370.350110779,4366.720045090,18,2211.920036087,3668,155,253,70.11,1.13
2022/4/2,12080.320074081,2965.550010681,9,973.910005569,3901,126,212,70.97,1.39
2022/4/3,13471.770061493,3743.600019455,11,1642.000007629,5829,143,250,68.86,1.28
2022/4/4,13674.370063782,3066.000013351,11,858.899991989,5359,122,255,65.65,1.3
2022/4/5,17771.100046158,4608.359949112,16,1940.569980621,5592,190,401,55.81,1.12
2022/4/6,15564.490123749,3583.910024643,16,1487.420021057,3481,173,297,64.47,1.03
2022/4/7,8118.100032806,1949.620000839,10,772.210002899,11387,86,131,76.85,1.28
2022/4/8,20168.810087204,2752.100021362,12,1119.510004044,3708,145,288,79.59,1.32
2022/4/9,18809.21012442,4654.120028112,18,2369.320012588,5849,190,349,67.23,1.12
2022/4/10,16992.580051422,3949.600022316,11,1097.740019798,4849,137,263,79.63,1.27
2022/4/11,12926.960026741,3060.310018539,16,1342,3674,120,215,74.36,1.21
2022/4/12,14898.420026779,4821.850017905,12,914,3871,130,337,58.52,1.05
2022/4/13,23828.990101814,4680.659992218,23,2602.330013275,3954,243,442,64.5,1.17
2022/4/14,20704.880056877,4501.230010986,27,2459.030008087,4718,204,389,64.8,1.14
2022/4/15,13927.689979553,2594.320009232,10,886.319997787,4213,150,226,73.11,1.36
2022/4/16,12845.950029373,1361.000005722,9,751.410007477,6165,149,210,67.65,1.17
2022/4/17,39799.990525246,10039.420121193,245,11005.030171394,6243,309,1227,40.62,0.7
2022/4/18,27564.960245132,4338.440027237,22,2741.660001755,4139,267,447,71.37,1.16
2022/4/19,19433.000135422,3051.030004501,16,1522.970018387,4593,190,330,68.13,1.1
2022/4/20,19239.329999924,3113.430003891,16,1797.449975967,5458,198,323,69.2,1.03
2022/4/21,19057.520076752,7599.349975357,24,3123.290016174,5300,210,374,71.28,1.01
2022/4/22,18415.359998703,3207.890024442,22,1716.659996033,4917,167,321,67.36,1.1
2022/4/23,19536.940038681,5647.240008125,14,715.660011292,5180,155,422,59.68,1
2022/4/24,24187.280104637,5796.730015516,18,1960.210002899,3923,181,372,80.6,1.05
2022/4/25,23106.709955215,9806.500236511,10,893.479999542,3725,204,394,83.54,1.28
2022/4/26,25622.810050011,7807.189990997,20,2067.040011406,4348,241,454,73.63,1.04
2022/4/27,11241.799976349,2042.699996948,6,912.100002289,4199,98,153,86.83,1.29
2022/4/28,9150.900014877,1487.950004578,20,1497.150003433,4118,89,141,75.45,1.07
2022/4/29,30201.500020981,4486.420007706,14,2430.400001526,5546,239,450,77.08,1.09
2022/4/30,29539.059998512,7635.809979439,24,3809.570003510,14690,226,458,81.17,1.16
2022/5/1,24016.630009651,6157.359995604,5,469.419998169,22862,237,408,73.96,1.02
2022/5/2,26813.729956169,3678.059976578,21,2732.559984703,20836,224,377,80.88,1.05
2022/5/3,20672.940027237,4092.500017166,16,1960.530019760,11720,179,314,78.87,1.2
2022/9/2,27532.259994278,8083.039999008,27,2751.740010986,10494,212,456,78.1,0.98
2022/9/3,33848.029994754,8434.360002518,47,5725.160007495,11030,264,481,87.91,1.21
2022/9/4,22098.599967003,8805.239973068,22,5064.579988956,15458,158,335,92.25,1.17
2022/9/5,33464.849843521,7124.779966354,25,2707.260003585,9387,200,380,106.81,1.34
2022/9/6,67201.630056703,20764.709875107,49,9605.330006178,7612,420,1025,85.82,0.92
2022/9/7,51112.559976578,13949.050042152,28,6615.450007439,7593,242,672,96.82,1.14
2022/9/8,30387.789895782,7845.499986649,26,2825.210004807,6783,165,442,86.5,1
2022/9/9,25665.120069541,9331.539990233,16,1190.949985046,9760,160,422,82.93,0.97
2022/9/10,35054.619921703,11209.150007725,34,5287.989959259,11101,228,512,90.36,1.09
2022/9/11,14956.159876347,5007.799987564,35,2082.409986496,8852,136,285,70.05,1
2022/9/12,19908.539915085,5228.659973145,23,3166.080015182,7688,164,268,93.8,1.39
2022/9/13,22593.519895554,5101.800012589,12,2423.679967880,7143,175,308,89.92,1.14
2022/9/14,13498.700033665,2386.929990768,9,1056.280002594,6437,105,171,92.9,1.2
2022/9/15,44495.130109787,8576.939994812,39,7158.700057983,6849,243,497,106.78,1.33
2022/9/16,57488.949988365,7854.570030212,30,5174.580028534,8021,423,576,113.44,1.37
2022/9/17,63019.940116882,7754.480017662,23,3209.290013313,10091,464,667,106.11,1.27
2022/9/18,44291.809915543,5333.470023155,21,2191.100005627,9629,363,526,94.34,1.14
2022/9/19,25086.869976997,4179.709985256,20,4548.700016022,6652,164,289,101.27,1.21
2022/9/20,25527.270019054,5649.779999733,24,3194.419990540,6530,175,338,92.24,1.34
2022/9/21,42947.719978571,7869.449986935,18,3088.570010185,7162,285,487,104.35,1.29
2022/9/22,29350.859968185,6142.759962082,18,2594.350009918,7328,279,443,80.12,0.89
2022/9/23,46770.018881569,5735.629979134,17,2015.019986877,7849,340,496,105.86,1.04
2022/9/24,27244.079630852,3894.619955063,16,2441.489974976,9198,213,346,90,1.09
2022/9/25,42028.509586105,5980.039969444,30,4708.299980640,9505,469,690,69.58,0.94
2022/9/26,30553.649759559,6271.139981747,25,2922.610002784,8547,292,473,77.85,1.01
2022/9/27,28353.959829807,5820.889997482,24,3671.579998016,9077,245,405,84.38,1.1
2022/9/28,29466.090163708,6980.409969330,18,1909.159992695,8136,205,375,97.19,1.18
2022/9/29,15050.499938736,4611.679967880,23,1405.419990310,7538,160,323,60.87,1.02
2022/9/30,26872.009825587,7100.770002365,21,1823.580028534,7671,182,394,86.23,1.19
2022/10/1,29949.480057478,6217.109992027,28,3071.770000458,16745,266,460,78.62,1.2
2022/10/2,26078.369961509,6290.819984913,21,1940.759970436,12543,246,416,77.81,1.03
2022/10/3,21296.869941711,3843.820001602,15,1795.730018616,9337,202,342,73.51,0.96
2022/10/4,20525.129900932,5774.399959335,11,1884.939983139,9100,181,314,83.76,1.12
2022/10/5,23428.809960842,6685.309990406,12,1275.400005341,8269,182,343,87.8,1.1
2022/10/6,19656.989952564,5175.390024185,11,2141.399977207,9075,159,304,81.69,1
2022/10/7,22423.949985275,6426.300006866,10,1631.320003280,7771,168,332,86.9,1.15
2022/10/8,24835.139770508,4632.649974823,27,3740.439983368,7480,203,351,83.95,1.1
2022/10/9,22371.409926297,7084.999996077,37,3126.809999760,5794,217,402,73.27,0.89
2022/10/10,21354.879942739,7233.999972152,31,2447.189984359,6519,216,418,68.39,1.09
2022/10/11,27813.369790016,10935.899916952,45,4023.639957961,6615,269,542,71.49,0.95
2022/10/12,26653.089813730,6471.399995878,31,3332.610009387,6560,225,400,82.81,1.04
2022/10/13,26287.239809787,6099.010029355,54,2805.189997533,6686,244,567,57.12,0.99
2022/10/14,34504.019890126,4052.310022015,63,6786.059993893,7123,370,721,53.48,0.9
2022/10/15,56153.029830156,7472.819891812,95,13674.629867820,10165,882,1192,53.38,1.09
2022/10/16,59233.370245513,4486.580016403,85,7129.730043411,10805,1168,1529,41.67,0.9
2022/10/17,58877.630015219,6204.620026929,104,12444.020082474,9153,886,1244,52.32,0.95
2022/10/18,57237.040164545,5896.049987793,84,7571.610043334,10586,852,1150,54.9,0.72
2022/10/19,53346.400235672,5259.379993916,74,7631.500043869,14645,671,971,60.36,0.78
2022/10/20,51389.310203869,6434.670037994,85,9544.089982603,10997,608,1090,53.05,0.73
2022/10/21,36861.330161417,5113.430024642,59,5895.540002823,9655,394,697,60.22,0.74
2022/10/22,36221.040127389,3888.699977875,36,4158.050014038,12140,349,572,70.12,0.74
2022/10/23,34943.090053558,4578.820009232,30,3633.800003529,11982,373,588,67.21,0.89
2022/10/24,71999.710156474,16880.009983515,130,19956.380020482,10507,563,1303,68.21,0.95
2022/10/25,67191.310028553,13369.159967422,110,16616.159996033,10541,658,1203,66.97,0.8
2022/10/26,92386.380362548,11965.800018081,151,16117.760067005,11007,1119,1909,54.66,0.67
2022/10/27,92303.670563735,11349.690021515,136,14081.060021896,12000,1232,1991,52.06,0.73
2022/10/28,40464.080164809,8013.220061779,93,9162.410092354,11394,446,864,56.11,0.91
2022/10/29,23414.969998378,5772.279996872,26,3795.399978656,11336,282,481,60.68,0.83
2022/10/30,33246.689952850,3650.939992905,40,7972.219997883,10822,313,479,77.03,1.33
2022/10/31,265724.4697583,85145.919932365,263,61615.859750042,9355,1297,4029,87.09,0.89
2022/11/1,77832.370021779,32548.499798521,99,17925.789927613,10215,443,1437,76.81,0.93
2022/11/2,84788.019830212,22668.949959755,71,15261.309863815,7723,537,1205,89.18,1.07
2022/11/3,101110.350184955,23295.069945116,94,19445.790169753,7237,616,1347,92.36,1.02
2022/11/4,27261.830081940,5933.229950428,30,6410.559967041,6050,206,384,86.45,1.1
2022/11/5,16527.640007973,4305.220029831,17,3277.689979553,7604,152,272,76.59,1.03
2022/11/6,15177.230078239,4802.740033874,28,5052.670026321,7228,155,267,74.83,0.96
2022/11/7,15663.399991451,6294.140044974,29,4277.530019302,7037,169,353,62.2,0.86
2022/11/8,12445.050116669,4752.690030668,27,3471.620023746,7521,157,318,54.08,0.68
2022/11/9,6725.800045980,2970.249974741,20,2169.809988629,9822,114,275,35.26,0.48
2022/11/10,259126.620172521,96187.899912160,393,99546.249935016,9641,1104,3334,106.57,0.95
2022/11/11,169778.530133646,52829.339929266,275,64883.580032425,9556,882,2252,98.85,0.94
2022/11/12,16384.209993133,4743.330063343,30,3881.859983444,6452,192,296,71.38,1.24
2022/11/13,14253.379978657,3605.020029545,23,3130.320022583,5555,143,244,73.19,1.05
2022/11/14,25249.760031700,6050.650004864,39,5375.710029602,5837,236,410,76.34,0.95
2022/11/15,33110.430052280,6558.009986877,36,5318.430023193,7389,305,500,79.34,1.17
2022/11/16,34077.640086422,7276.410016784,50,6926.269969940,5799,287,499,82.87,1.12
2022/11/17,30803.990115184,7562.739989758,47,7690.900015354,5735,302,485,79.11,1.09
2022/11/18,25903.560118675,3778.010033378,40,5272.110039711,5588,245,399,74.39,0.97
2022/11/19,22396.880048523,4732.159982681,44,7953.119973907,6407,183,326,83.22,1.11
2022/11/20,21409.039904118,4034.229980469,77,13646.119930744,5937,126,254,100.17,1.17
2022/11/21,39013.610246811,10127.300027618,227,34473.680175705,5956,168,414,118.7,1.21
2022/11/22,35448.190113161,9780.519967575,208,34063.060099714,5665,169,386,117.17,1.24
2022/11/23,34631.280175742,8521.660078049,188,31503.640171584,5045,134,342,126.18,1.26
2022/11/24,37925.660278110,7896.300029755,238,32535.840245513,4946,199,437,104.86,1.49
2022/11/25,34679.309991378,11356.400169373,268,35926.890088577,5273,200,461,99.86,1.57
2022/11/26,38768.010150909,8588.150032043,244,36568.760147095,6103,181,419,113.02,1.62
2022/11/27,37728.230167866,9826.060055733,230,36214.610148430,5646,188,412,115.42,1.43
2022/11/28,60884.590011615,12504.310024261,285,60471.099994201,5034,229,500,146.78,1.66
2022/11/29,55904.960361481,19770.520002365,284,60086.160234451,4771,324,586,129.14,1.62
2022/11/30,49248.260011710,17503.400082625,283,52795.890028303,3782,227,502,132.97,1.57
2022/12/1,25612.49004055,7291.869983196,30,5710.479997406,5122,158,409,80.45,0.86
2022/12/2,35948.460115947,5761.780014038,35,15367.460027236,4643,193,394,105.86,1.4
2022/12/3,19625.809992809,4293.090015411,23,3545.210019130,5252,128,283,84.52,1.15
2022/12/4,17956.350021362,4581.229984283,19,4126.319986343,4695,101,267,84.41,1.18
2022/12/5,19432.140110034,4747.370016098,20,3169.160026092,7676,184,340,71.12,0.96
2022/12/6,22036.430083999,2551.639991760,16,3854.360025177,6312,191,307,80.09,1.11
2022/12/7,11990.150101662,2629.710031509,15,1669.680032730,6462,104,183,79.89,0.91
2022/12/8,11655.280050278,2107.929986954,14,2133.120021820,6594,67,146,94.27,1
2022/12/9,6761.220013959,1746.719990842,7,1310.280008316,9835,48,115,73.98,0.57
2022/12/10,179383.759982403,53512.969990749,145,49514.470040616,7466,487,2070,112.51,1.14
2025/12/15,128372.289254565,101722.689573674,1013,47523.049746633,11408,3032,7821,29.42,0.66
2025/12/16,129315.00905453,103069.889629085,978,55461.249861360,10375,2524,7164,32.44,0.74
2025/12/17,91692.358652262,122251.539487401,811,51121.399717331,10084,2250,6400,33.43,0.7
2025/12/18,176666.087034106,138596.40920756,878,64695.589802325,15589,5819,11261,28,0.44
2025/12/19,127660.698059188,126559.589505404,897,65295.219795305,13266,3524,8525,29.82,0.53
2025/12/20,156751.93729678,120083.479651397,1038,63860.539861329,19885,5424,10330,26.8,0.48
2025/12/21,174476.387104427,111066.949419716,1155,57648.659735460,19323,5534,10492,27.22,0.48
2025/12/22,180585.31629622,131385.449617751,970,63922.309933215,21156,8815,13989,22.3,0.38
2025/12/23,155344.617251603,129864.259603666,927,63965.209904093,16168,6296,11319,25.2,0.41
2025/12/24,160440.596835256,128319.979453284,739,64513.480062276,17368,7259,12347,23.39,0.45
2025/12/25,275592.604119122,149906.409301734,913,63015.380013883,28068,13779,20927,20.33,0.32
2025/12/26,156040.607060075,132240.859460268,878,64141.999991536,19954,7178,12642,22.8,0.36
2025/12/27,76593.459266353,130545.209516246,1075,63287.799990237,15400,1786,5864,35.32,0.3
2025/12/28,50740.779525278,80639.999675840,933,32304.599969894,14300,1571,5259,24.98,0.5
2025/12/29,85195.129651515,135353.179925798,681,67989.779984206,9406,1052,4285,51.47,0.75
2025/12/30,42187.749479501,92793.849719346,668,46046.639912188,11147,1294,4244,31.81,0.54
2025/12/31,99496.187624611,114437.408872623,622,55221.629669785,20129,5768,9880,21.65,0.39
2026/1/1,117394.467603922,108563.439295966,2022,48582.859969437,23691,6142,11805,19.14,0.31
2026/1/2,96016.128173847,111527.679349232,2298,57742.339811236,20905,4809,10290,20.17,0.35
2026/1/3,39196.719651887,66440.849812994,1357,33018.410004556,13001,953,3822,27.64,0.54
2026/1/4,62907.629868507,106970.629802236,1405,49849.299965918,10730,663,4722,35.98,0.71
2026/1/5,76990.680224895,116975.229781508,1378,68954.740170956,9714,610,4889,39.67,0.74
2026/1/6,448419.950611413,169698.300310791,1236,256289.782752216,13115,2300,6798,90.93,1.78
2026/1/7,305326.756640563,133827.449482262,747,112473.950721443,85962,7301,12232,35.9,0.65
2026/1/8,319754.27515614,172351.559208632,781,102091.130166292,73072,10971,17197,28.62,0.55
2026/1/9,287706.284446001,178125.358797252,793,80637.549758375,47881,11918,18474,25.22,0.5
2026/1/10,266741.974728942,116377.149170935,801,58756.089792967,32212,10975,16595,23.09,0.48
2026/1/11,232726.395480523,109784.259135842,738,40338.969905972,29329,8536,13658,25.08,0.5
2026/1/12,117906.259373188,105316.949554989,528,56874.839843392,21746,1722,4748,47.01,0.84
2026/1/13,241628.82545645,133407.009108433,636,52403.769705474,26551,6508,11029,34,0.66
2026/1/14,424938.680484653,207590.928178489,766,57715.279615223,47015,19368,28264,22.38,0.42
2026/1/15,408700.230717838,208831.878202021,729,94029.029580772,41431,18179,26026,23.73,0.4
2026/1/16,333467.173263321,232822.538584709,683,76057.409625173,32418,12762,19935,28.41,0.47
2026/1/17,255491.794906437,155037.778790373,847,52334.539576599,29018,9103,15173,27.06,0.5
2026/1/18,365878.502338061,174407.878210563,766,61705.469387669,29905,9862,16278,33.19,0.54
2026/1/19,349126.824689962,189913.528890252,586,85488.999731660,21060,6515,11872,45.4,0.77
2026/1/20,304863.565905411,215200.258734602,623,75453.149516592,21389,6846,12801,40.63,0.68
2026/1/21,339276.996181378,205265.158984717,614,83631.510016331,20819,5938,11422,47.67,0.63
2026/1/22,271730.006664066,211720.329008626,597,97864.229767689,15568,2447,6398,75.56,1.13
2026/1/23,308065.867038369,250878.169150706,640,135124.569794655,15444,2109,6074,92.02,1.14
2026/1/24,393462.912768658,246572.457869099,765,142146.67881608,21447,2844,7502,85.32,1.2
2026/1/25,298543.205768347,213626.139002847,675,68996.419448376,20694,2215,6268,81.71,1.17
2026/1/26,740221.511094984,590640.384521602,1695,504349.036569891,17295,2647,9785,136.01,1.71
2026/1/27,406037.636593271,445380.61976514,903,272037.060703764,16842,1728,6829,124.68,1.66
2026/1/28,401276.264509449,325561.959014261,767,134502.500181941,18620,2058,7081,102.65,1.27
2026/1/29,462267.073039779,316048.307856794,698,134341.519589245,20281,1946,6895,112.88,1.48
2026/1/30,338143.624784956,307762.268070268,739,145970.879223842,21768,1624,6057,106.64,1.4
2026/1/31,583756.806268463,380413.28582523,957,150806.39840728,27520,2804,8805,109.5,1.33
2026/2/1,698477.58334182,394672.375539921,1074,156457.568589777,29046,3377,10017,109.13,1.36
2026/2/2,535830.130668886,362339.42684768,978,153361.059046935,24315,2499,8359,107.45,1.46
2026/2/3,398719.153960042,310712.6879628,932,143179.689223228,23730,1797,7208,98.42,1.38
2026/2/4,411209.275519501,318507.097931506,759,120133.599296516,26062,2195,7322,99.66,1.41
2026/2/5,657636.960543357,394754.866221786,828,125672.979179928,30414,3298,9604,109.58,1.36
2026/2/6,357034.344653074,336097.148161793,677,141443.199314846,29255,1637,6592,105.15,1.39
2026/2/7,389382.014272539,292127.287831577,777,121866.749270845,33565,1899,6591,103.4,1.41
2026/2/8,334181.003618233,263520.217395086,662,78946.689591125,35354,1682,6274,95.27,1.29
2026/2/9,397903.094999308,268835.618153755,678,100659.779415423,37088,2134,6970,95.66,1.36
2026/2/10,240264.217398427,224789.09848465,670,93883.269693343,41754,1552,5527,84.14,1.25
2026/2/11,144881.398436742,168867.839217372,688,78130.099670229,43600,1162,4418,71.02,1.34
2026/2/12,81387.319404554,93459.419506332,619,33573.069880262,46816,961,3416,51.18,1.03
2026/2/13,48741.419706918,68979.569767512,703,34195.709911246,53850,839,2777,42.39,0.93
2026/2/14,29240.270004753,43736.609924089,678,22597.750006421,62683,903,2530,28.84,0.79
2026/2/15,15023.099997906,34058.989981670,408,19949.740012050,83585,525,1862,26.36,0.74
2026/2/16,17242.820013432,20021.389990965,326,7564.969992071,124675,394,1356,27.48,0.74
2026/2/17,19020.699973583,20440.659999251,631,11296.339998603,86692,1041,2278,17.32,0.61
2026/2/18,18599.659944713,24378.610013971,562,9498.009985864,103244,986,2012,21.36,0.83
2026/2/19,21274.580036202,21844.879992394,692,12825.219999829,99474,1260,2382,18.1,0.56
2026/2/20,24013.400024051,29816.349996287,788,17681.659993082,97627,1370,2748,19.59,0.64
2026/2/21,21192.700004224,34158.470033161,749,18058.379993213,93395,1288,2620,21.13,0.71
2026/2/22,20968.070013849,39822.400045790,691,26321.150006322,90967,1088,2466,24.65,0.76
2026/2/23,20096.330031585,46664.029986145,500,30006.859991090,86109,784,2051,32.55,0.94
2026/2/24,36026.120194921,77774.560152857,578,43088.979975641,75034,804,2568,44.31,1.13
2026/2/25,43464.930036798,174874.359792981,606,143119.229767099,61874,783,2793,78.17,2.06
2026/2/26,40390.440218000,201435.79947992,526,170774.799462974,53686,683,2415,100.14,2.62
2026/2/27,33314.580085158,90660.510061283,579,57664.160035253,47518,638,2366,52.4,1.51
2026/2/28,29180.240106463,98695.370082388,479,67315.240034699,44681,595,2199,58.15,1.72
2026/3/1,30446.610093951,55238.120058537,580,18446.140010595,43604,591,2799,30.61,1.01
2026/3/2,49652.910056565,61717.200063763,552,26060.110035405,34069,573,2713,41.05,1.36
2026/3/3,50892.790747464,77634.910649929,668,30303.140030041,35568,832,4142,31.03,0.95
2026/3/4,29862.550120711,68550.010150248,438,32071.540046498,28590,434,2724,36.13,1.09
2026/3/5,34414.630073249,74526.960170025,512,34921.310015738,23684,465,2800,38.91,1.19
2026/3/6,31547.040054321,74124.160059581,444,40571.900071859,23089,425,2246,47.05,1.38
2026/3/7,37933.170081571,67913.100120962,614,36533.550084889,30562,731,2747,38.53,1.19
2026/3/8,37785.780149708,52907.850077450,671,22446.100005507,29553,834,2966,30.58,1
2026/3/9,73964.750448534,98193.040178219,429,51064.010172367,19344,699,2806,61.35,1.8
2026/3/10,33588.170074958,62113.460079579,479,29800.080047786,17997,559,2669,35.86,1.05
2026/3/11,37008.799871702,74708.580077011,424,43359.650011906,17396,515,2435,45.88,1.36
2026/3/12,32326.240008906,61144.730107009,405,31625.900021851,17115,603,2493,37.49,1.13
2026/3/13,33864.699840367,67471.859922905,457,32361.949994862,18648,883,2944,34.42,1.01
2026/3/14,42492.599719942,65154.789864687,567,38198.009953976,25189,1229,3366,31.98,1.01
2026/3/15,36746.569823921,35911.019896805,620,18419.839995027,26456,1213,3195,22.74,0.77
2026/3/16,60179.079836516,78856.789930094,445,33498.010012597,17971,1103,3822,36.38,1.1
2026/3/17,41426.939722180,75926.019801108,425,38617.329985797,16010,1122,3744,31.34,0.95
2026/3/18,58746.219598383,79008.989962399,450,38797.650038332,15268,1361,3894,35.38,1.03
2026/3/19,48885.169548675,86145.749877499,440,42087.299973153,14847,1127,3392,39.81,1.19
2026/3/20,34656.809738338,81288.639843542,561,42838.519959996,15701,1002,3482,33.3,1.01
2026/3/21,35462.669692259,61133.289871544,819,29563.869989784,18105,1390,3948,24.47,0.82
2026/3/22,39823.309856424,53407.819859514,838,25481.099984884,16962,1460,3941,23.66,0.83
2026/3/23,73465.619970340,74517.040020168,415,33803.380024850,11171,1039,3273,45.21,1.39
2026/3/24,40940.039914856,63943.639989164,453,28558.039999671,10548,943,3096,33.88,1.05
2022/5/4,24813.549974212,4587.399977446,17,2605.909982452,8141,197,344,85.47,1.26
2022/5/5,29715.520014305,6794.449975967,17,1503.340005416,6480,276,472,77.35,1.12
2022/5/6,18613.320056686,5779.920061111,14,1474.620004425,5261,178,308,79.2,1.19
2022/5/7,22734.080120564,4353.800041199,23,2607.580015182,6039,209,359,75.45,1.05
2022/5/8,24855.720058918,4536.440005779,15,1636.370014668,7508,244,376,78.17,0.86
2022/5/9,19181.389971251,2657.500012200,12,1397.080015659,11294,172,310,70.45,0.85
2022/5/10,68550.179927845,9848.099987984,61,6926.310005188,20947,501,918,85.4,0.98
2022/5/11,74528.780009765,9574.729996681,51,6281.870023498,26404,527,878,95.79,0.9
2022/5/12,49578.349950790,8472.100000381,44,5356.159996033,20249,470,783,74.14,1.06
2022/5/13,86495.400012493,2356.350004196,29,5609.770015717,10574,547,668,133.01,1.6
2022/5/14,76423.41005373,6583.150020599,42,7723.589998245,9144,494,745,111.42,1.84
2022/5/15,92284.810084820,7762.910021782,34,5486.740020752,9413,588,892,112.16,1.45
2022/5/16,120495.330052376,5730.639968872,45,11096.490007401,9505,738,973,129.73,1.45
2022/5/17,43379.730055809,7380.549968719,30,4241.570015907,7338,319,582,87.22,1.04
2022/5/18,27592.740036011,5584.559992790,13,2132.360006332,6178,216,355,93.46,1.07
2022/5/19,34215.490047455,8460.829892159,28,3421.220014572,7230,228,412,103.58,1.38
2022/5/20,24555.519918442,5333.870001793,32,2388.709998131,7039,185,358,83.49,0.99
2022/5/21,18137.880088806,4345.169977188,18,1487.629997253,8692,153,271,82.96,1.12
2022/5/22,21128.180111647,3435.320009232,23,2481.630001068,8106,166,257,95.58,1.24
2022/5/23,43685.860118389,9660.800100088,54,6631.570042133,6742,318,640,83.35,0.98
2022/5/24,72345.330204964,11525.950038910,79,18591.160073280,7301,404,652,128.64,1.41
2023/10/7,50484.440034537,40486.379860420,1001,31481.889875898,6970,1504,4749,19.16,0.22
2023/10/8,66194.229909733,43854.299961733,1032,34372.769966016,8994,1628,5082,21.65,0.26
2023/10/9,64343.529958617,48613.929977611,1134,35933.019956764,10164,1738,5684,19.87,0.24
2023/10/10,71133.090011900,48711.769994387,1248,34860.539988207,11029,1967,6254,19.16,0.24
2023/10/11,74003.919937875,50341.299961403,1370,33719.649993761,10479,2102,6536,19.02,0.27
2023/10/12,63683.57986366,48473.760019340,1288,31485.689999389,10043,1956,6279,17.86,0.22
2023/10/13,52917.479904158,45030.219978241,1347,33014.849925684,9668,2054,6421,15.25,0.19
2023/10/14,73843.800106511,45635.319977248,2164,45229.880012073,14472,3760,8138,14.68,0.14
2023/10/15,76708.259953115,38570.899967827,1993,37983.839969672,14587,3683,8000,14.41,0.14
2023/10/16,69746.169853212,49959.420018829,1220,40267.999928053,8600,1396,5766,20.76,0.27
2023/10/17,63397.940020563,44841.350000666,1048,29381.820028003,10189,1141,5326,20.32,0.32
2023/10/18,66746.699988624,48905.189993080,1012,38578.510013727,9483,1081,5196,22.26,0.26
2023/10/19,54260.880137006,47740.809987124,1039,33657.800013451,7889,907,4837,21.09,0.24
2023/10/20,58059.620110642,41794.190021250,1097,32672.189993767,8505,1084,4656,21.45,0.27
2023/10/21,57821.360074488,45160.540018197,1483,39931.569979126,11396,1823,5605,18.37,0.16
2023/10/22,47669.590047121,42445.559998119,1511,36284.930032695,11143,1710,5670,15.89,0.15
2023/10/23,54320.010057151,50334.430037500,1050,36986.739994839,8417,933,5083,20.59,0.28
2023/10/24,89974.559944062,74428.190064788,1126,56158.990037451,9293,1089,5543,29.66,0.44
2023/10/25,67378.889921501,62272.410069007,1368,50457.069978312,8368,957,6547,19.8,0.46
2023/10/26,62620.899999738,56151.479988584,1083,45912.579990268,7783,925,4916,24.16,0.35
2023/10/27,48688.790029572,43808.379996896,1026,31719.250017799,7649,969,4584,20.18,0.22
2023/10/28,68083.989972491,41749.270022750,1356,36426.299975524,11530,1603,5293,20.75,0.21
2023/10/29,54029.410043497,36646.690005550,1325,31633.989987869,11103,1465,5271,17.2,0.18
2023/10/30,66494.259986062,52807.949994216,1090,44215.559994478,8111,975,4898,24.36,0.24
2023/10/31,319121.730297035,187764.32018275,1405,135696.280096238,9423,1797,8658,58.55,0.8
2023/11/1,146432.850142512,88175.510062901,2236,69033.699967915,11942,2751,9804,23.93,0.67
2023/11/2,84748.790061252,66184.420005877,2017,46055.630012486,9798,2136,9058,16.66,0.43
2023/11/3,88265.450180994,93129.330094660,1951,61428.189998584,9791,2236,8616,21.05,0.47
2023/11/4,83566.030018032,69680.799958229,2638,67475.799949408,11847,3464,9176,16.7,0.28
2023/11/5,69865.990137476,48100.670039315,2307,42220.680039851,11337,2890,8513,13.86,0.25
2023/11/6,53408.620095778,56870.209988723,1687,36836.480021367,8278,1492,7064,15.61,0.31
2023/11/7,65894.840147614,67213.149999291,1847,50684.400018692,8566,1763,7892,16.87,0.35
2023/11/8,64754.850154852,66901.650000742,1789,60428.940014292,7856,1546,7382,17.83,0.38
2023/11/9,55867.770094384,50867.060046196,1724,37247.250058293,7702,1507,7228,14.77,0.31
2023/11/10,97771.040104834,118708.730065025,1707,56313.739922451,10125,1696,7873,27.5,0.46
2023/11/11,117034.910025664,111959.150068462,2144,66088.299962778,14911,2779,8771,26.11,0.43
2023/11/12,50375.560025159,45312.199996417,1680,34812.810016513,10580,2782,7324,13.06,0.25
2023/11/13,41224.530061360,48302.320024610,1412,30893.00001348,7149,1208,6035,14.83,0.32
2023/11/14,48004.460026423,48659.199962048,1529,33702.729991198,7100,1455,6612,14.62,0.31
2023/11/15,42503.629975475,46257.970033536,1534,31035.989993691,7218,1512,6560,13.53,0.28
2023/11/16,41584.149985792,58970.090058753,1667,41474.200010300,7261,1497,6796,14.8,0.29
2023/11/17,40269.399984635,44973.219987104,1619,33102.250015447,7042,1634,6438,13.24,0.26
2023/11/18,59601.929976810,50632.879998595,2448,50727.040001869,10412,3166,8293,13.29,0.22
2023/11/19,58120.920088539,45976.560033873,2716,43700.050025061,10472,3452,9163,11.36,0.44
2023/11/20,37759.010067681,55650.150013383,1721,40098.550014386,6521,1531,6962,13.42,0.56
2023/11/21,49368.390076840,60780.009984493,1898,45602.860019395,6971,1601,7482,14.72,0.63
2023/11/22,48316.889973123,62092.040023465,1996,46763.229998369,6974,1674,7570,14.59,0.52
2023/11/23,43929.409959789,62577.299975991,1721,46359.579992890,8856,1548,7068,15.07,0.67
2023/11/24,44447.749943692,55728.180057386,1564,45331.219985723,7196,1532,6184,16.2,0.59
2023/11/25,53511.020043474,45107.389991948,2174,42188.060014935,9172,2719,7594,12.99,0.54
2023/11/26,56601.490044741,46432.569993084,2628,43112.270015229,11813,3132,8756,11.77,0.51
2023/11/27,38875.929935373,59353.369990973,1759,44893.760000685,7757,1460,6888,14.26,0.6
2023/11/28,45056.340098469,66413.050048212,1811,51801.139990568,7434,1636,7175,15.54,0.61
2023/11/29,46200.150037386,54806.730041193,1611,35856.839999795,6717,1376,6694,15.09,0.58
2023/11/30,62812.960011749,53952.159935035,1661,35738.229984552,6397,1372,6733,17.34,0.63
2023/12/1,92022.009919781,49735.950054076,1637,43367.069991816,8298,1845,6864,20.65,0.85
2023/12/2,121333.820026999,52207.889975332,2404,53767.680029826,12491,3817,8843,19.62,0.64
2023/12/3,87936.350102449,51724.649984855,2306,50617.230019996,10396,3166,8357,16.71,0.58
2023/12/4,80039.519972607,58141.860005056,1647,42992.580032129,6899,1627,6970,19.83,0.55
2023/12/5,83326.189966459,63910.880003929,1737,53115.189971745,7198,1755,7467,19.72,0.83
2023/12/6,82601.029948570,63802.969988732,1830,47099.090069043,6626,1735,7485,19.56,0.65
2023/12/7,75079.360054988,69447.929999946,1816,56970.069992958,26487,1730,7411,19.5,0.66
2023/12/8,66422.959930854,61998.070066998,1853,49745.550012864,31860,1971,7450,17.24,0.62
2023/12/9,116724.38985911,74882.729958424,2688,66644.440043846,49593,3473,9318,20.56,0.69
2023/12/10,129295.269998834,71786.160019735,2031,71779.570002770,26408,2590,7875,25.53,0.85
2023/12/11,126160.020061618,85754.009947604,1657,65053.380008630,27519,1739,7374,28.74,0.79
2023/12/12,211941.240002433,89212.249943364,1785,118932.419913715,35334,2029,7877,38.23,0.89
2023/12/13,82438.350096891,63479.519988714,1665,56507.549986521,19673,1527,6681,21.84,0.67
2023/12/14,106512.819932828,60542.770009110,1730,77440.310043046,21104,1929,7218,23.14,0.64
2023/12/15,86249.979609422,60883.400026046,1676,52134.829868836,11267,1696,6698,21.97,0.81
2023/12/16,69198.449884498,47753.469928950,1790,39231.789931353,9319,1933,6282,18.62,0.57
2023/12/17,74921.969910765,47669.160005167,1663,41463.729984617,8254,1804,6119,20.03,0.62
2023/12/18,89576.680000722,57911.489936706,1420,56994.459977981,6606,1274,5719,25.79,0.51
2023/12/19,89777.630095161,63652.179993259,1439,66324.230154652,8034,1386,6071,25.27,0.58
2023/12/20,124484.049894013,81570.020081341,1474,78180.520161012,7708,1710,6257,32.93,0.51
2023/12/21,155170.789423088,83453.969996640,1463,90124.780023787,8318,1864,6358,37.53,0.56
2023/12/22,205951.489794778,77040.679965692,1364,155876.379648097,11853,1922,5984,47.29,0.68
2023/12/23,176582.630127186,79894.320126612,1977,114559.300017092,13574,3039,7448,34.44,0.46
2023/12/24,71743.269923668,81302.899754364,2099,74882.729802610,13453,2388,7221,21.19,0.44
2023/12/25,134090.479959995,67417.849999635,1623,69108.610082395,11823,1637,6542,30.8,0.53
2023/12/26,134231.349963684,75028.260010757,1653,79537.930064145,10988,1441,6559,31.9,0.77
2023/12/27,138458.69039486,96179.319971859,1620,76192.770008588,8778,1578,6888,34.06,0.46
2023/12/28,105998.250261245,64866.710027168,1557,48970.120044723,9536,1433,6144,27.81,0.59
2023/12/29,109587.700060487,71483.079939604,1576,54311.009940147,11600,1731,6183,29.29,0.66
2023/12/30,123506.720261455,64624.930030227,2424,58991.690032303,21041,3264,7919,23.76,0.45
2023/12/31,115087.390117774,69166.760051746,2502,73247.560078382,23970,3924,8020,22.97,0.59
2024/1/1,135614.880130265,52389.719972460,2110,72790.649987672,23715,3158,7090,26.52,0.65
2024/1/2,131868.929555168,108064.220149802,1829,103194.089889057,20598,2329,7790,30.8,0.8
2024/1/3,139532.570174228,94538.870111028,1587,90219.910028901,19375,2117,6905,33.9,0.58
2024/1/4,149707.859920884,84357.330075379,1716,87224.320049835,17626,2096,6969,33.59,0.63
2024/1/5,139094.389974849,114483.660091789,1599,116578.120155603,28583,1826,6366,39.83,0.71
2024/1/6,163452.830305189,79984.150041549,2274,93148.610285282,41073,3079,8097,30.07,1.16
2024/1/7,165558.570097154,82829.289906470,1908,94755.629974719,40467,2561,7053,35.22,0.67
2024/1/8,199071.449998505,102151.310227506,1511,111479.140069697,35490,1805,6137,49.08,0.79
2024/1/9,174551.090175277,96706.389893267,1538,110201.660148567,32915,1723,6159,44.04,0.62
2024/1/10,167671.630062455,132111.809974337,1602,121527.149988061,28487,1839,6561,45.69,0.79
2024/1/11,228830.790014401,130797.48011392,1606,130854.700072015,27123,2097,6657,54.02,0.79
2024/1/12,110340.380122483,76468.720055053,1553,69691.650025019,25174,1828,5843,31.97,0.58
2024/1/13,172028.300116362,147801.950093824,2266,159749.60011022,22758,3514,8358,38.27,0.66
2024/1/14,188894.970100841,108880.810070636,1912,98190.510155100,23080,3034,7668,38.83,0.51
2026/5/7,26621.239742398,64419.829757825,390,31273.629924297,8657,360,2187,41.63,1.3
2026/5/8,22590.409842730,72310.669674993,436,32510.319905162,9138,344,2263,41.94,1.36
2026/5/9,26805.159925818,61246.829824179,481,27119.319980025,10100,492,2448,35.97,1.21
2026/5/10,45923.929891616,54945.619853377,679,27146.969959527,13006,799,3036,33.22,1.1
2026/5/11,50429.809768200,67441.229748845,497,32764.839892507,8936,563,2708,43.53,1.53
2026/5/12,21187.389841974,56427.249880731,435,29019.659961700,8816,379,2218,34.99,1.38
2026/5/13,17874.969769955,52551.829902858,443,28045.649962932,8913,354,2084,33.79,1.26
2026/5/14,21717.239724696,59162.869917452,445,31133.349978089,8121,326,2098,38.55,1.27
2026/5/15,20812.229809642,58377.319799304,450,32252.919972658,9541,333,2113,37.48,1.24
2026/5/16,21479.329704344,55618.739850998,620,27591.299974620,13152,602,2456,31.39,1.12
2026/5/17,23868.419620514,43202.539781451,480,16271.329921484,12301,489,2173,30.87,1.06
2026/5/18,43903.479753256,59992.949713826,411,29318.119999170,9043,445,2120,49.01,1.64
2026/5/19,39846.869419038,65747.20958215,414,30063.989831746,8567,384,2227,47.42,1.45
2026/5/20,17615.319937646,56654.119906912,391,28521.569993615,8468,306,1953,38.03,1.22
2026/5/21,80644.638834953,79714.899703264,516,49897.519942522,9723,591,2691,59.59,1.59
2026/5/22,50843.019467393,72843.829779694,459,38404.049918542,11211,461,2459,50.3,1.23
2026/5/23,57747.779342413,61504.549611688,516,29846.489910364,14729,633,2430,49.08,1.18
2026/5/24,77615.858716259,60217.029527068,242,16292.909891248,20144,474,1971,69.93,1.54
2026/5/25,103836.068973422,103077.119752407,537,48730.409927845,12141,653,3129,66.13,1.22
2026/5/26,105771.108899355,109027.739576578,570,46548.779927135,11874,778,3717,57.79,1
2026/5/27,73849.339749768,109514.79968898,606,41161.229936615,10837,590,3716,49.34,0.91
2026/5/28,2781.189962387,2705.069977045,11,387.599993706,,,104,52.75,1.21
2021/11/6,31583.669985771,3582.359983444,28,3658.310000420,4736,293,458,76.78,1.41
2021/11/7,5346.030000687,868.259992599,5,777.989997864,3439,48,77,80.71,1.15
2021/11/8,6344.350006104,1644.240011215,11,1467.100000381,4110,70,114,70.08,0.97
2021/11/9,10786.860115051,1570.740011215,13,1143.050006866,4493,97,231,53.5,1.22
2021/11/10,11011.920005798,776.950004578,7,830.240005493,7401,27,82,143.77,2.26
2021/11/11,543994.820953593,82306.590282783,902,87593.100240849,10536,1739,8501,73.67,1.38
2021/11/12,24269.379978180,2828.369985580,23,2818.120004654,4684,240,368,73.64,1.37
2021/11/13,25646.569993973,3269.569984436,16,3229.420030594,3879,217,344,84.06,1.5
2021/11/14,31284.039934345,3028.200009026,32,3958.909975052,4028,339,564,60.84,1.15
2021/11/15,12965.750003660,1082.400014265,9,1200.120004654,3604,124,177,79.37,1.05
2021/11/16,35619.049952544,3658.769969253,35,3575.759981155,4117,312,551,71.28,1.18
2021/11/17,35415.049983025,3300.03999977,37,4954.139981270,3500,333,508,76.21,1.53
2021/11/18,33834.959973106,4704.259969024,28,2728.659971237,3475,297,491,78.49,1.44
2021/11/19,16053.500073928,1834.360004425,10,1890.710002899,3509,133,214,83.59,1.06
2021/11/20,10042.140020141,511.720004577,7,1162.960006714,4123,77,120,87.95,1.1
2021/11/21,34371.000015030,3665.410007248,28,4302.670032501,3537,231,499,76.23,1.45
2021/11/22,24575.520055771,4565.600011826,20,2217.750022888,3090,217,407,71.6,1.3
2021/11/23,33203.460075149,6513.350009689,35,5224.850015640,3078,253,601,66.08,1.28
2021/11/24,10338.040019035,1669.800001144,13,1959.500014305,2996,74,172,69.81,1.1
2021/11/25,26035.580042243,5714.090016127,16,1451.500011802,2867,176,396,80.18,1.28
2021/11/26,16326.910018921,3669.019994736,14,1157.840005875,3986,128,253,79.04,1.31
2021/11/27,21224.369973678,5148.219981294,22,2859.479982376,4622,165,399,66.1,1.02
2021/11/28,21041.839981804,1430.439997556,10,1332.830000877,3606,181,253,88.82,1.24
2021/11/29,48927.681058884,7386.150213087,50,5356.150114059,3703,367,1039,54.2,1.27
2021/11/30,19301.860022902,2528.580003694,12,1523.799994707,3966,165,281,77.69,1.2
2021/12/1,10259.170057068,1661.320017165,10,1794.409999847,5370,65,138,86.38,1.51
2021/12/2,35566.420135517,6881.060014496,29,5952.760020752,4689,299,554,76.62,1.32
2021/12/3,28282.550173072,5723.649991760,25,3773.870013503,5104,232,422,80.58,1.37
2021/12/4,28231.620086670,6252.420049438,25,3167.670028687,4755,233,417,82.7,1.42
2021/12/5,24232.740024567,3875.180019379,22,2503.109992981,4471,178,360,78.08,1.44
2021/12/6,30605.190090537,6389.160032043,38,3937.430018783,5516,262,560,66.06,1.43
2021/12/7,26667.800105453,4634.150003433,24,3035.920003295,7007,210,415,75.43,1.32
2021/12/8,21524.810009727,3822.490003586,20,4897.029955635,8231,191,337,75.21,1.12
2021/12/9,15751.640038107,2974.909995804,17,2754.190013656,5176,148,265,70.67,1.23
2021/12/10,5311.080015944,1516.960002899,5,365.350000381,4868,45,114,59.9,0.9
2021/12/11,1616.229997635,496.399997711,7,574.5,8172,18,29,72.85,1.08
2021/12/12,287556.760101676,53087.750062017,212,40171.959971685,9177,1299,3572,95.37,1.4
2021/12/13,60978.790013442,12235.910049677,35,8819.640009999,5575,404,840,87.16,1.2
2021/12/14,101658.710115433,17220.399979591,44,42740.820037365,5734,454,1011,117.59,1.88
2021/12/15,21571.850028872,3292.809993744,21,3327.299966693,5067,198,323,76.98,1.25
2021/12/16,27467.370102882,3161.810007095,16,3626.699996948,4741,193,343,89.3,1.02
2021/12/17,25783.960065842,2827.680006027,27,4127.710010529,5581,194,321,89.13,1.28
2021/12/18,13918.009984970,1124.049995422,12,4349.700004578,6730,103,149,100.95,1.42
2021/12/19,7899.600004196,1896.560008774,5,509.899999619,6851,75,123,79.64,0.9
2021/12/20,9425.590011597,1003.699998856,5,506.799999237,6445,85,130,80.23,0.61
2021/12/21,56401.319918633,8231.850028992,54,10776.490009308,6155,315,675,95.75,1.03
2021/12/22,29663.310066581,5809.670030951,32,5789.150019407,5721,209,372,95.36,1.27
2021/12/23,37976.310067177,4342.760007858,25,3070.920018196,7642,212,367,115.31,1.31
2021/12/24,23459.569990158,4140.239984512,16,4514.540004730,6806,147,267,103.37,1.08
2021/12/25,31624.930061340,7170.799989700,61,7845.020000458,11957,193,518,74.9,1.41
2021/12/26,14909.099993944,2861.970012665,15,1627.890020847,9939,102,205,86.69,1.54
2021/12/27,14558.770012856,5382.710028658,18,2376.520006895,8745,82,175,113.95,1.3
2021/12/28,12100.390047073,3698.270017147,19,3321.300033569,10854,75,166,95.17,1.4
2021/12/29,12490.160240173,3797.100055823,23,3745.200096130,10229,83,191,85.27,0.89
2021/12/30,53240.760240555,17351.449999571,56,17752.460004568,9067,217,594,118.84,1.27
2021/12/31,33272.080334663,8490.800008535,38,11055.930178165,11371,153,354,117.97,1.04
2022/1/1,44555.790165896,9595.820111293,40,11482.690128364,17498,216,508,106.6,0.65
2022/1/2,27675.490181942,8212.809999237,38,7764.790116558,17318,145,326,110.09,0.97
2022/1/3,31178.770049820,8558.610002518,32,6427.790014992,13994,152,352,112.89,1.02
2022/1/4,34755.720197678,21027.649974346,27,4297.420026779,31504,197,371,150.36,1.25
2022/1/5,35061.530033607,5920.490014553,49,8372.450046081,25696,239,432,94.87,0.77
2022/1/6,58052.190160751,6561.130035400,40,12131.250019073,18979,324,544,118.77,0.8
2022/1/7,18829.760154266,1559.220027924,25,5520.330089111,20105,118,177,115.19,0.77
2022/1/8,24161.430032730,2865.280000687,46,7455.060030460,20197,165,300,90.09,0.89
2022/1/9,364690.560508078,39924.400111713,371,81149.430451164,18650,1644,3412,118.59,0.81
2022/1/10,253444.550764212,28464.130130768,237,69072.170346618,24146,1260,2234,126.19,0.7
2022/1/11,189774.010619164,16801.280086517,199,50694.750395775,14619,989,1683,122.74,0.8
2022/1/12,179264.600236893,26309.510153541,179,49963.350365639,16693,852,1537,133.75,0.8
2022/1/13,150236.82112062,30243.770223618,163,34797.830469489,15296,598,1372,131.55,0.9
2022/1/14,196798.160104807,38273.580173492,237,75144.860005664,17113,1045,1929,121.86,0.66
2022/1/15,298288.810886888,49895.420553207,416,96972.830835361,18858,1784,3304,105.38,0.56
2022/1/16,166475.499962578,26595.89012146,191,44580.510011196,16204,1102,1731,111.54,0.85
2022/1/17,194034.379991092,23134.590122223,215,62749.630050220,15789,1097,1801,120.58,0.75
2022/1/18,209760.609977283,26032.849961758,222,49421.550150432,18175,999,1783,132.25,0.77
2022/1/19,193025.709674167,23921.539939880,198,58983.409914760,17275,918,1763,123.06,0.63
2022/1/20,120911.959722519,21425.590035915,114,23356.990049362,18879,663,1403,101.45,0.77
2022/1/21,111391.249914169,15890.400007486,90,17843.319966555,29246,772,1432,88.88,0.71
2022/1/22,56368.700113297,5886.260013103,34,8212.799997330,25634,392,553,112.58,1.19
2022/1/23,66451.490080833,6157.070031643,40,6271.700001717,22237,496,728,99.74,1.06
2021/7/29,2471.599994659,335.700000763,13,205.800001144,6708,48,72,38.99,0.74
2021/7/30,2721.900028229,993.400018692,15,399.699995041,7271,42,90,41.28,0.95
2021/7/31,1850.900015831,649.799999237,10,335.000000954,7732,34,74,33.79,0.9
2021/8/1,1357.910018444,362.029994011,17,326.099998474,7735,32,53,32.45,0.88
2021/8/2,3272.630036354,714.740011215,20,851.390012741,6541,49,85,46.91,0.91
2021/8/3,1918.850006104,144.189998627,7,74,6541,34,45,45.85,0.81
2021/8/4,628.910003662,474.310001373,5,81.5,6046,24,40,27.58,0.46
2021/8/5,317.090000153,34.5,8,111.5,5740,15,25,14.06,0.19
2021/8/6,7690.890031695,1177.549980283,21,656.509995341,5798,62,177,50.1,0.99
2021/8/7,3689.910002708,788.420003891,9,463.170003891,6807,40,78,57.41,1.06
2021/8/8,3800.040030956,1361.640001774,15,825.480003357,6361,46,95,54.33,0.94
2021/8/9,194.099998474,155.399999619,7,78.5,5865,11,16,21.84,0.29
2021/8/10,352.059997082,153.529998779,8,181.049998760,5869,17,27,18.73,0.25
2021/8/11,21779.120007781,1319,353,6982.040003547,6175,843,1389,16.63,0.26
2021/8/12,4777.930013657,1117.579990387,11,772.009988785,5717,31,80,73.69,1.22
2021/8/13,5412.289999008,666.590002060,13,400.700000763,5820,45,100,60.79,0.95
2021/8/14,13953.449990273,608.019994736,473,5911.350000381,8437,1097,1419,10.26,0.16
2021/8/15,478.020004272,166.600006104,6,62.5,7174,18,25,25.78,0.35
2021/8/16,9646.069981575,1690.650014877,17,2183.189985275,6084,58,146,77.65,1.31
2021/8/17,16170.160123825,2009.310031891,464,7559.570031881,6286,988,1550,11.73,0.25
2021/8/18,5870.910043487,1092.899986267,10,663.559999237,6053,49,96,72.54,1.29
2021/8/19,1369.740007877,214,3,111.650001526,5854,18,28,56.56,0.81
2021/8/20,7934.779998779,704.910003185,363,4508.580005169,6353,747,1101,7.85,0.1
2021/8/21,5051.479996920,908.299991608,117,2179.799995899,7699,222,398,14.97,0.28
2021/8/22,3826.340015411,888.030006409,12,498.099998474,6805,45,83,56.8,1.28
2021/8/23,11787.999991417,1085.750005007,434,5049.950000525,6574,949,1500,8.58,0.14
2021/8/24,3276.869989395,537.900001526,14,422.300004959,6589,39,71,53.73,0.97
2021/8/25,4200.620012283,1163.630004883,9,497.799999237,6386,32,74,72.49,1.19
2021/8/26,11867.729997396,1081.500004530,395,5051.499992371,6553,845,1341,9.66,0.17
2021/8/27,3172.980012894,667.450012207,7,241.399999619,7217,42,63,60.96,1.06
2021/8/28,3327.270004272,662.600006104,11,497.900007248,8255,41,78,51.15,0.9
2021/8/29,13609.910021067,1139.350002289,395,5234.830001593,8268,981,1302,11.33,0.19
2021/8/30,2260.490016937,737.000011444,17,379,7094,40,66,45.42,0.71
2021/8/31,9175.759999275,782.009998560,361,4471.980000496,4325,834,1291,7.71,0.09
2021/9/1,5470.600019455,637.100008488,10,698.009996891,1912,40,92,66.39,1.01
2021/9/2,8364.670034179,794.610002518,9,1407.540006408,1768,71,111,82.52,1.21
2021/9/3,6871.300026417,656.400003433,5,327.370004654,1533,64,104,72.38,1.12
2021/9/4,2803.329977036,185,1,243,1750,28,41,72.89,0.93
2021/9/5,10380.059982300,1945.219997406,7,2695.899997711,1979,67,127,97.05,1.5
2021/9/6,8155.669971466,900.999996662,7,687.499994278,1434,60,102,88.79,1.31
2021/9/7,10027.389812469,967.899997711,8,806.529996872,1699,56,93,118.23,1.76
2021/9/8,741.259998798,63,3,31.5,2030,10,18,44.68,0.37
2021/9/9,39425.439954549,5718.390004674,46,6020.069970191,1894,161,649,69.56,1.03
2021/9/10,10725.580058694,3901.890034825,20,2582.780025840,1904,73,222,65.89,1.01
2021/9/11,13872.790073156,6490.599976808,16,3887.560062647,2370,88,255,79.86,1.11
2021/9/12,5995.510006309,471.360006332,8,669.299995780,2254,65,94,68.8,1.09
2021/9/13,7726.350009918,785.090015411,9,1110.199987411,1544,60,99,85.97,1.31
2021/9/14,6239.430026779,665.200000763,7,883.610004196,1501,56,91,75.88,1.1
2021/9/15,17937.300018311,2270.880018234,16,4111.999973297,1809,78,163,123.98,1.87
2021/9/16,9364.860003471,1268.740001678,11,842.240019798,1693,85,146,72.83,1.15
2021/9/17,9352.820016799,1624.240002403,10,1049.379997253,1950,85,170,64.57,1.24
2021/9/18,4299.350018501,1256.109998703,5,448.800003052,2109,50,85,65.36,1.09
2021/9/19,6230.170009613,941.900007248,7,596.900001526,2968,58,100,71.72,1.21
2021/9/20,9241.390026093,1989.840005875,18,2091.400007248,3231,77,181,62.05,1.19
2021/9/21,4513.360013962,1363.710002899,4,426.400009155,3005,41,72,81.63,1.36
2021/9/22,3928.500007629,1111.440010071,5,395.900001526,2012,45,82,61.46,0.91
2021/9/23,5525.510006942,1212.300006637,6,563.180007935,1890,50,95,70.92,1.21
2021/9/24,2305.000003815,465.250000715,5,300.099994659,1711,23,43,64.42,0.97
2021/9/25,2816.030017853,871.289999008,8,1250.129995346,2226,22,41,89.93,1.21
2021/9/26,2003.989994049,425.900005341,3,450,1868,21,30,81,1.17
2021/9/27,6968.190036774,842.640005112,11,1280.310014725,1689,76,118,66.19,1
2021/9/28,6342.300025940,905.149997711,6,413.950008392,1756,56,87,83.3,1.38
2021/9/29,3897.420038223,1496.150001526,5,224.400001526,2143,30,75,71.91,1.15
2021/9/30,1359.489997864,572.920001984,6,371.100000381,1694,11,34,56.84,0.74
2021/10/1,6799.969993591,1753.600002289,6,620.079999924,3295,54,110,77.76,1.16
2021/10/2,9761.349967957,1211.369991302,6,4584.999984741,2703,42,90,121.92,1.98
2021/10/3,8651.090013504,1589.569991112,6,795.029991150,2478,77,143,71.61,1.27
2021/10/4,10824.270043373,2783.669984818,7,657.879993439,2466,108,186,73.16,1.26
2021/10/5,12562.380062103,2272.639989853,9,917.760007858,2325,123,204,72.72,1.16
2021/10/6,14198.360063553,2725.450002670,4,444.399999619,2366,112,216,78.35,1.25
2021/10/7,19236.420023918,3723.399997711,9,812.199993134,2451,137,274,83.79,1.35
2021/10/8,14145.180009842,2786.740005493,14,2018.049997330,1729,150,220,76.96,1.31
2021/10/9,13747.989995956,1479.150014877,12,1270.189996719,2488,122,199,76.52,1.23
2021/10/10,17834.920007706,1681.810010910,7,698.200002670,2274,183,269,72.55,1.25
2021/10/11,19295.370034695,2998.299999714,20,2061.089999199,2316,196,322,69.24,1.14
2021/10/12,24263.880017757,2043.540016651,32,4311.999989986,2165,254,389,67.63,1.1
2021/10/13,30422.149998665,2513.550024986,29,3594.120020390,809098,257,392,84.02,1.37
2021/10/14,13051.160018686,845.330004958,12,1971.200004578,2455,115,198,70.18,1.69
2021/10/15,37112.339912489,4697.370010147,26,4500.869995117,2502,297,536,78,1.4
2021/10/16,44614.550523758,6238.140088081,28,3243.070043564,3214,393,830,61.27,1.4
2021/10/17,32571.820034027,2881.130002975,27,3917.800014496,3182,314,487,72.8,1.34
2021/10/18,22094.239994049,1929.999990463,22,4154.479982376,2582,220,313,76.75,1.21
2021/10/19,24711.940025330,5115.210012436,15,2691.479990005,3123,249,360,82.85,1.42
2021/10/20,50331.800050735,4601.100051880,46,7031.820018768,7107,413,625,87.89,1.42
2021/10/21,55578.380053520,3645.790003777,42,8083.230020523,17061,396,609,97.25,1.73
2021/10/22,51128.090029487,6056.319982529,47,8386.360007057,7993,338,586,97.58,0.82
2021/10/23,36748.950258026,5754.270036697,34,6244.960029373,6444,263,512,83.01,1.53
2021/10/24,31621.410133362,4321.719987869,26,4715.460002899,3842,249,426,84.37,1.45
2021/10/25,28612.980075836,3385.360000610,24,2557.619987488,3130,261,421,76.01,1.26
2021/10/26,27582.600122223,3211.170005798,19,3153.920028457,3441,239,427,72.12,1.22
2021/10/27,8617.390003204,1375.040008545,6,595.030012131,3694,57,224,44.61,0.78
2021/10/28,6593.799964905,792.090007782,8,524.789995193,3714,44,80,92.32,3.07
2021/10/29,14580.450054169,3507.549991608,33,3322.800014496,3867,83,342,52.89,1.13
2021/10/30,2810.999986649,343.970005035,8,691.189998627,4452,17,51,61.86,1.31
2021/10/31,3385.609991074,231.960002899,6,597.680000305,6506,26,101,35.82,0.56
2021/11/1,329767.589863548,44763.189980507,249,35202.830060959,9052,1213,4919,76.14,1.36
2021/11/2,87167.099975584,11832.009979010,142,9653.989998816,6854,644,1409,70.26,1.42
2021/11/3,126269.549823541,16416.650010176,74,10482.310018072,5978,660,1685,84.68,1.52
2021/11/4,35838.129995117,3401.930017471,37,4912.289975891,4686,333,514,76.34,1.39
2021/11/5,42522.870151291,4043.159999847,37,4771.629993210,4589,324,535,87.04,1.51
2024/4/24,42083.510049710,59314.859988391,1401,31162.049998760,5235,1307,5859,17.31,0.53
2024/4/25,44663.979952527,57660.709962636,1502,32597.589980442,5629,1427,6078,16.84,0.61
2024/4/26,44989.659915023,58888.600016464,1602,37132.000018258,5489,1583,6081,17.08,0.65
2024/4/27,69945.710034057,61967.040000824,2272,56874.249991849,7538,2581,7781,16.95,0.73
2024/4/28,50415.580038873,69947.610039847,1520,37922.940012602,5287,1412,5979,20.13,0.83
2024/4/29,43167.230013218,51676.149922986,1414,36886.609951496,5091,1281,5387,17.61,0.7
2024/4/30,43617.379897123,54214.579910874,1450,33244.119985526,5737,1627,5522,17.72,0.7
2024/5/1,58703.160089348,39335.989962971,2542,42628.750006730,9867,4130,7763,12.63,0.61
2024/5/2,65437.470052224,34693.050004506,2829,44058.220032701,10553,4745,8404,11.91,0.61
2024/5/3,61176.400033485,35746.749998281,2682,40886.900025353,9941,4481,8032,12.07,0.56
2024/5/4,52699.570036115,44842.719936140,2244,41525.550004221,8831,3487,6963,14.01,0.6
2024/5/5,49655.370083066,41640.040028073,1793,30914.560005961,8020,2497,6379,14.31,0.58
2024/5/6,40596.239961397,52171.259978689,1166,26996.219958549,5515,1225,5363,17.3,0.63
2024/5/7,46496.699911280,56770.849977413,1310,29014.450013364,5376,1366,6013,17.17,0.59
2024/5/8,49981.986512672,58818.099962996,1415,37639.809949540,5535,1266,5977,18.2,0.63
2024/5/9,43871.259929998,63528.319897873,1380,28899.439996781,6221,1414,6110,17.58,0.59
2024/5/10,56734.839907413,60540.820034139,1414,36012.449992251,6386,1529,6021,19.48,0.58
2024/5/11,50881.389958465,56712.890034959,1547,31496.689989377,7169,1743,6160,17.47,0.62
2024/5/12,52867.810023634,49891.109918931,2163,35310.529988844,8089,2689,7590,13.54,0.56
2024/5/13,45474.040002612,59141.319967041,1493,32300.809990007,6077,1503,6309,16.58,0.59
2024/5/14,52786.909923293,66011.549990177,1533,39119.730009455,6005,1513,6698,17.74,0.17
2024/5/15,46401.740009565,56536.790003199,1503,39795.250020752,5690,1453,6270,16.42,0.49
2024/5/16,46756.509901213,60554.309918711,1535,38300.359950084,5554,1485,6396,16.78,0.47
2024/5/17,48722.929971920,58054.879926622,1433,33922.659987945,5839,1589,5870,18.19,0.47
2024/5/18,55665.049973704,61657.710018218,2201,51491.350035397,7911,2879,7609,15.42,0.59
2024/5/19,43053.080004761,50681.789996454,2025,36610.719999552,7761,2247,6996,13.4,0.53
2024/5/20,102882.37997557,100993.870052811,1550,65927.319961922,6848,1552,6700,30.43,0.9
2024/5/21,83470.859950885,75611.220036348,1370,47251.760045618,6817,1445,6274,25.36,0.78
2024/5/22,82001.679864787,68700.769959474,1531,52671.439901156,5969,1455,6372,23.65,0.64
2024/5/23,98338.059312208,76009.72993562,1536,48238.779975912,5801,1384,6524,26.72,0.6
2024/5/24,88743.971566975,83914.680100877,1503,60257.921404714,6436,1667,6440,26.81,0.48
2024/5/25,81625.129809493,57897.189958839,424,42186.429951504,8733,845,2345,59.5,0.65
2024/5/26,111768.119427282,56346.509976864,1249,46020.179972539,8908,1737,5287,31.8,0.36
2024/5/27,116741.099844871,79150.590058923,1468,61227.299984951,6460,1515,6493,30.17,0.51
2024/5/28,111064.980024893,72153.039891064,1521,54375.530030379,6224,1558,6759,27.11,0.54
2024/5/29,82563.649899749,61671.209992317,1475,42764.31002119,6468,1339,5947,24.25,0.67
2024/5/30,44259.770067522,60077.079966784,1406,40852.770018706,7270,1216,5794,18.01,0.56
2024/5/31,85642.500013215,79114.260007562,1508,47744.200063450,11532,1684,6353,25.93,0.75
2024/6/1,84481.919954475,75245.439923812,3045,58146.489978643,16604,4369,10075,15.85,0.5
2024/6/2,64819.050013540,54916.400002679,2131,40496.640051000,11217,2821,7694,15.56,0.52
2024/6/3,61334.710054208,75570.349934703,1509,41581.840044206,7012,1451,6402,21.38,0.47
2024/6/4,52386.690108461,66216.069993796,1569,38427.340015082,6374,1442,6731,17.62,0.65
2024/6/5,46938.929992134,65048.890027642,1412,35378.680010576,6282,1454,6430,17.42,0.61
2024/6/6,40500.850033497,64511.839973323,1374,34370.820011429,7821,1385,5999,17.51,0.69
2024/6/7,43049.349929376,63950.510011615,1449,37729.499955967,6628,1597,5945,18,0.74
2024/6/8,52129.249979548,50296.989927448,2009,38196.139979396,8697,2965,7231,14.16,0.67
2024/6/9,54696.449970508,59792.446591709,2256,51876.229791867,9552,3408,7564,15.14,0.72
2024/6/10,46866.810042065,51773.279860195,1850,41250.699847706,8787,2630,6392,15.43,0.65
2024/6/11,44235.180035759,67284.219971562,1338,37609.600070084,5926,1377,6249,17.85,0.65
2024/6/12,39664.479992179,58666.349936048,1450,32796.849983282,5511,1347,6350,15.49,0.53
2024/6/13,36743.599985426,63909.590025533,1589,41644.379987832,6068,1459,6496,15.49,0.61
2024/6/14,60569.409966661,59272.599919930,1493,40294.409986228,6954,1738,6473,18.51,1.09
2024/6/15,60514.499760257,61727.399954453,2044,47010.339758748,7314,2467,7269,16.82,0.61
2024/6/16,47147.989936650,59669.419868231,1895,37910.569992125,7016,2321,7001,15.26,0.54
2024/6/17,53743.949838914,69920.110048739,1553,47189.099967951,5654,1524,6444,19.19,0.63
2024/6/18,65627.500088038,75731.749973288,1603,43506.219979510,6573,1719,7208,19.61,0.62
2024/6/19,49413.989872241,71984.803391535,1581,45681.949976495,5449,1596,6836,17.76,0.62
2024/6/20,50267.659952082,65404.610007094,1587,41499.819994835,5416,1603,6689,17.29,0.63
2024/6/21,47700.569969384,62370.479968553,1435,37515.170013804,5275,1604,6042,18.22,0.63
2024/6/22,44227.250038711,56974.650015840,2019,41761.779998312,7166,2734,7151,14.15,0.56
2024/6/23,40490.770063538,54068.279973585,1819,38473.720016778,6622,2405,6632,14.26,0.55
2024/6/24,34243.869992051,54375.240004577,1003,37790.769993709,4826,1152,4196,21.12,0.69
2024/6/25,36398.759983256,61011.470183391,1013,38804.690225987,5053,1076,4196,23.22,0.77
2024/6/26,33838.909960672,51078.019992132,981,31500.489980221,5134,1148,4108,20.67,0.69
2024/6/27,25518.659974311,37387.91004158,541,17563.680016408,4915,687,2549,24.68,0.65
2024/6/28,43376.630014893,61132.899993438,1463,40716.400020022,5419,1689,5428,19.25,0.62
2024/6/29,47298.640024422,62401.759999542,2083,43884.030009784,7163,2667,7143,15.36,0.58
2024/6/30,44533.739973335,53214.029972214,1940,35825.579991996,6714,2240,6629,14.75,0.53
2024/7/1,39262.189995427,61546.230018973,1496,31965.229990382,5377,1862,6012,16.77,0.58
2024/7/2,43332.959949935,58277.290004291,1462,35397.999964137,4983,1714,5799,17.52,0.63
2024/7/3,40551.299995638,62139.099886069,1600,39723.759947676,5311,1863,6063,16.94,0.49
2024/7/4,43449.740073383,58967.259934930,1634,37075.830020556,6001,1948,6264,16.35,0.56
2024/7/5,39255.550002713,54399.740009915,1424,33989.040023813,5591,1848,5629,16.64,0.61
2024/7/6,50572.759987334,52406.420036858,1852,37566.120018840,7742,2748,6800,15.14,0.6
2024/7/7,46411.210052153,49749.080084510,1867,35118.920019027,7187,2532,6681,14.39,0.58
2024/7/8,51973.489976183,56215.979943788,1364,44790.139978502,5448,1874,5487,19.72,0.71
2024/7/9,45715.710076958,56074.120049270,1479,39929.250043677,5795,1980,5913,17.21,0.64
2024/7/10,49523.809986969,57985.230080612,1413,40746.110015050,5927,2011,5738,18.74,0.7
2024/7/11,49851.790095294,59113.979996169,1557,40349.590014705,9681,2304,5998,18.17,0.65
2024/7/12,57187.970239796,54674.819931518,1558,44342.610214133,13065,2560,6268,17.85,0.63
2024/7/13,55089.360009460,51498.930053758,1976,39983.220009465,11857,3113,7212,14.78,0.6
2024/7/14,60983.160028176,52038.210025197,1942,38081.910012338,12637,3240,7470,15.13,0.6
2024/7/15,54825.690065024,63036.830066504,1472,46058.090079254,9030,2351,6167,19.11,0.67
2024/7/16,73570.839661619,72180.509763293,1576,41616.739889499,8881,2354,7736,18.84,0.66
2024/7/17,54859.439885003,57663.049902886,1406,33191.269966997,8599,2108,6442,17.47,0.51
2024/7/18,50258.230031675,99307.859188395,1436,79295.979280591,8956,2251,6298,23.75,0.78
2024/7/19,50907.680089639,111398.319958048,1564,87807.860071559,8214,2158,6285,25.82,0.83
2024/7/20,68663.590164006,63286.299966056,1836,48641.719977021,9197,3097,7237,18.23,0.64
2024/7/21,70362.700294137,55655.660006560,1872,42770.280011902,9449,3023,7127,17.68,0.63
2024/7/22,104754.280731451,60683.429982416,1380,49240.940024965,8204,2592,6326,26.15,0.77
2024/7/23,92003.740556154,95357.369983310,1440,67744.640014879,8568,2491,6513,28.77,0.91
2024/7/24,103490.450472426,63769.970023671,1483,46150.640029674,9043,2778,6910,24.21,0.78
2024/7/25,175676.470763978,71965.540078951,1646,58358.960117616,11308,4045,8828,28.05,0.9
2024/7/26,113641.30042433,67830.100054245,1629,51850.460104246,9038,2916,7334,24.74,0.79
2024/7/27,113990.540146397,62946.590003714,1848,48350.750030316,9290,3430,7765,22.79,0.79
2024/7/28,96583.150149668,65094.559849998,1610,43129.799997285,8838,3006,7060,22.9,0.83
2024/7/29,103064.000213074,62740.240005298,1449,40277.509980220,8099,2699,6646,24.95,0.72
2024/7/30,139596.270694563,71099.060025061,1611,54362.350085158,9086,3382,7694,27.38,0.87
2024/7/31,131364.390707711,71350.490127129,1515,48125.020083755,8491,3096,7389,27.43,0.77
2024/8/1,139769.930822629,62327.620059976,1505,40774.740024328,8701,3228,6910,29.25,0.82
2022/1/24,128117.510192394,8986.810037613,111,19883.150086880,20568,773,1336,102.62,0.92
2022/1/25,106592.460294724,10622.220054626,84,14678.000162125,24662,621,1140,102.82,1.03
2022/1/26,50054.420077913,6725.629976027,66,9451.800047398,21902,377,726,78.21,0.91
2022/1/27,32506.820024261,4705.640004344,39,5982.610015869,24969,241,441,84.38,1.08
2022/1/28,24853.210121879,3632.270034598,29,4492.400023460,27510,207,327,87.11,1.2
2022/1/29,21810.410026550,3186.480013655,24,6245.399999619,25528,138,257,97.26,0.86
2022/1/30,13219.370059967,2538.050002135,22,3016.600023270,37043,109,187,84.26,1.13
2022/1/31,5423.230012894,1162.120006103,3,404.300003052,44258,59,99,66.52,0.99
2022/2/1,8108.449981451,1702.880017996,18,782.900005341,30546,84,158,62.1,1.06
2022/2/2,8556.670014381,1874.850003967,20,1349.349987030,34856,83,153,68.18,1.08
2022/2/3,12323.980014801,2578.220005035,11,519.710000992,32831,100,180,82.79,1.38
2022/2/4,9044.260020981,1964.500001907,14,1170.820007095,32130,102,157,70.12,1.15
2022/2/5,9051.560052872,2636.719987640,16,1752.210004807,31621,88,169,69.16,1.18
2022/2/6,13922.040012360,2907.540008087,17,1376.099998474,30849,135,239,70.42,1.16
2022/2/7,25053.790025711,4757.319978485,23,2810.240020752,26968,251,462,64.53,0.84
2022/2/8,22598.280044327,4145.640014190,21,2396.529985199,22905,212,387,69.11,0.97
2022/2/9,24599.600091247,5527.930057067,15,2046.340003967,22452,256,433,69.58,0.95
2022/2/10,41144.550151825,4345.490024338,24,3639.410013199,17484,251,420,108.31,1.54
2022/2/11,21580.450135956,3829.880050430,24,2809.140031585,15594,207,337,75.4,1.15
2022/2/12,23034.480201721,6453.220052719,27,2634.100038528,16135,260,431,68.42,1.02
2022/2/13,21686.000063896,3510.210044861,25,3491.000007629,14816,212,344,73.24,1.16
2024/8/2,118908.020470399,68984.499848692,1520,43984.840064127,8325,3042,6927,27.12,0.85
2024/8/3,127876.430465136,51940.670019984,1777,39307.640016759,9595,3951,7738,23.24,0.8
2024/8/4,144460.850925552,55211.190030832,1668,39523.080140451,9841,3977,7691,25.96,0.81
2024/8/5,105391.590550877,64666.569997916,1363,40455.420038609,8240,2895,6513,26.11,0.85
2024/8/6,104883.250332698,68175.740053045,1438,43089.890025483,7964,2890,6552,26.41,0.53
2024/8/7,140512.050584331,77970.859841952,1527,47797.920005102,8319,3179,7670,28.49,0.87
2024/8/8,89971.820301900,59822.259998918,1388,35961.140064597,7466,2563,6221,24.08,0.76
2024/8/9,123686.680785069,70665.240102530,1546,46963.170101643,8150,2947,7026,27.66,0.85
2024/8/10,120542.740711873,57551.370050807,1912,43624.280048775,9196,3668,7642,23.3,0.79
2024/8/11,116278.810760679,58422.209960043,1823,40004.730066286,8990,3540,7601,22.98,0.75
2024/8/12,112158.690481728,66780.970071435,1471,41649.490018286,8129,2940,6737,26.56,0.8
2024/8/13,107854.100443969,67414.800037816,1436,47723.360054145,7863,2831,6498,26.97,0.86
2024/8/14,125423.510336427,65032.010033548,1525,49661.780006079,8468,3078,6882,27.67,0.86
2024/8/15,82916.990247773,56119.799999366,1389,37191.059995303,7733,2490,5897,23.58,0.8
2024/8/16,88151.700253295,63229.399952242,1539,44147.010021774,8348,2772,6599,22.94,0.77
2024/8/17,88263.120307712,58645.130004406,1718,45287.970021982,8758,3015,6842,21.47,0.79
2024/8/18,92516.010319358,54809.030043231,1621,39591.080078134,9813,2843,6455,22.82,0.8
2024/8/19,84201.480014447,60319.699990630,1547,44368.029982150,8640,2492,6517,22.18,0.76
2024/8/20,65211.479977515,67767.359972376,1519,46325.379984662,7968,2192,6142,21.65,0.84
2024/8/21,55329.109998044,60090.480088945,1463,40685.600034187,7343,2046,5724,20.16,0.74
2024/8/22,54552.219958829,59419.600029409,1410,40310.700028934,7300,1997,5517,20.66,0.71
2024/8/23,77595.699960168,75026.720023930,1827,58985.170067975,8601,2454,6908,22.09,0.82
2024/8/24,63603.349953260,65958.480007032,1967,46674.770004032,8938,2840,7271,17.82,0.69
2024/8/25,63116.759921946,63751.649974601,1756,46891.679973960,8572,2474,6608,19.2,0.68
2024/8/26,75197.099749850,68865.549996890,1765,52655.689961154,7917,2239,6947,20.74,0.78
2024/8/27,70321.849881029,71422.599951841,1782,46641.529939679,7475,2204,7285,19.46,0.71
2024/8/28,63536.620004453,72990.060052492,1789,49353.470038043,7620,2195,7050,19.37,0.68
2024/8/29,75904.500111099,77135.630095575,1862,53337.809965570,7964,2247,7343,20.84,0.62
2024/8/30,81629.540093509,88964.080085663,1881,58906.459934501,8360,2362,7606,22.43,0.66
2024/8/31,58224.340316193,70620.680112848,1755,39365.09003352,8086,2306,6857,18.79,0.56
2024/9/1,203640.401344575,164833.27017775,1767,102361.220185995,10303,3258,8634,42.68,1.19
2024/9/2,143912.750626016,188901.990092516,1699,94558.160025157,7948,2123,8568,38.84,1.13
2024/9/3,152031.270743128,130806.840009272,1633,72255.149938662,7997,2573,8408,33.64,0.81
2024/9/4,137932.19110145,136601.280213008,1527,81307.500245282,7785,2326,7706,35.63,0.99
2024/9/5,133481.440805789,137309.490214385,1719,71395.050173013,7675,2327,8230,32.9,0.93
2024/9/6,188059.071308879,130064.250107825,1572,70955.020121116,8935,2905,8607,36.96,0.89
2024/9/7,160788.071160533,107300.790092625,2005,58110.259994507,9660,3402,9133,29.35,0.79
2024/9/8,174152.131393608,82313.730011234,1967,50581.470144153,10365,3561,8919,28.76,0.76
2024/9/9,203961.660700735,117760.870075461,1711,66833.350024477,8927,2975,9059,35.51,0.78
2024/9/10,207468.831542131,95781.820074664,1576,55706.310087342,8447,2817,8501,35.67,0.86
2024/9/11,183997.291288184,95917.480058836,1229,55808.260108499,7446,2315,6831,40.98,1.01
2024/9/12,127933.130500419,94680.509936750,1712,52309.399951348,7993,2150,7973,27.92,0.7
2024/9/13,85666.210023522,102631.039980233,1718,57962.389988542,7793,1852,7584,24.83,0.8
2024/9/14,63501.980047721,82785.420019623,1372,32976.060005784,7629,1625,6362,22.99,0.84
2024/9/15,97953.980467794,68754.690052271,1758,40422.170016775,9439,2804,7151,23.31,0.81
2024/9/16,48614.02015673,53237.740045208,1881,35062.260039011,9069,2730,6477,15.73,0.66
2024/9/17,41528.330033995,51768.550031185,1526,30493.470029235,10112,2141,5650,16.51,0.66
2024/9/18,32180.550017741,57687.68006243,1268,28332.010044562,5465,1226,5417,16.59,0.65
2024/9/19,48810.719936308,61030.220014438,1441,37567.509962274,6644,1363,6277,17.5,0.66
2024/9/20,45445.169901002,69655.169955323,1387,37997.169954149,6950,1401,6234,18.46,0.61
2024/9/21,52094.859987972,68763.390028661,1801,41081.770036615,8135,2260,7117,16.98,0.63
2024/9/22,57090.880078087,57480.410094697,1837,36397.179994414,8716,2306,7229,15.85,0.59
2024/9/23,40308.720017659,62750.180012153,1391,31544.259994874,5973,1336,6127,16.82,0.59
2024/9/24,47671.419931779,70295.589949040,1444,37437.610004801,6505,1358,6256,18.86,0.6
2024/9/25,47550.050178895,82192.099991418,1563,47921.959966302,5914,1353,6628,19.57,0.62
2024/9/26,65773.089966174,87494.129987763,1631,49638.549961168,6302,1443,6731,22.77,0.7
2024/9/27,64463.050157167,80177.110018194,1576,46580.240004916,6600,1561,6677,21.66,0.58
2024/9/28,69387.950111743,78495.019969244,2092,48218.749981541,7994,2378,7844,18.85,0.61
2024/9/29,54994.930094797,69985.809994578,1415,34850.560025830,6134,1321,5693,21.95,0.67
2024/9/30,66157.030162867,79466.319959421,1144,43294.259976791,6540,1500,5125,28.41,0.7
2024/10/1,100707.920244122,52182.669926643,1905,38223.579980969,10488,3461,6984,21.89,0.89
2024/10/2,91305.760344882,46280.160012910,2037,41498.579992125,10111,3848,7020,19.6,0.85
2024/10/3,97940.100250827,54621.069965024,2184,47155.459952094,10263,4072,7632,19.99,0.92
2024/10/4,102807.020196566,52094.969996333,2104,50216.359916508,9578,3957,7462,20.76,0.93
2024/10/5,72825.720174322,49969.770001650,1871,40233.550009131,9163,3400,6699,18.33,0.82
2024/10/6,70877.300262555,47870.539929360,1519,33905.869962931,7916,2671,5823,20.39,0.81
2024/10/7,76492.920084542,59003.979919214,1499,43033.289893068,7515,2272,6084,22.27,0.85
2024/10/8,64397.660147456,72752.499890910,1220,35345.949972987,5524,1403,5790,23.69,0.88
2024/10/9,53128.300136376,69424.339889476,1320,34953.519987533,5784,1364,5814,21.08,0.52
2024/10/10,71689.720040767,76337.399963912,1402,40117.270010985,6110,1591,6491,22.8,0.81
2024/10/11,75838.120061375,80307.909914413,1433,41936.419952966,6386,1657,6593,23.68,0.81
2024/10/12,70033.900197424,89953.519963071,1401,46867.619965011,6396,1664,6410,24.96,0.94
2024/10/13,60553.720108757,64572.019952744,1965,45511.960012078,8815,2630,7617,16.43,0.76
2024/10/14,92507.960237674,89576.769934714,1535,45164.539947331,6217,1588,7118,25.58,0.88
2024/10/15,277037.263289291,80311.560007114,1461,56035.830077955,9195,3507,8579,41.65,0.75
2024/10/16,122189.281132935,77503.299958738,1379,45029.590051699,6060,1688,6429,31.06,0.82
2024/10/17,56456.869996713,70924.269937038,1324,38179.539979288,5451,1260,5675,22.45,0.74
2024/10/18,45875.579841394,61075.869885514,1237,32588.269919753,7123,1407,5393,19.83,0.71
2024/10/19,57662.759800911,61980.079901733,1557,43000.539888382,7368,2114,5976,20.02,0.85
2024/10/20,56780.999905109,63224.839840055,1515,39582.399876416,7229,1926,5865,20.46,0.86
2024/10/21,202977.280192317,148564.56969871,1566,83860.409636136,6980,2069,8389,41.91,1.24
2024/10/22,139228.210489554,89939.479905095,1223,49540.880022941,6873,1943,6788,33.76,0.91
2024/10/23,78999.959985698,73800.420035560,1278,37510.270026006,6550,1449,6114,24.99,0.78
2024/10/24,78581.920000233,86385.300045688,1283,44375.949986527,6493,1424,6125,26.93,0.71
2024/10/25,50896.510022718,63767.260013619,1272,32938.440001387,6211,1336,5486,20.9,0.65
2024/10/26,60902.799955584,65476.009902388,1803,44861.269965418,7654,2471,6898,18.32,0.7
2024/10/27,92156.860342113,67003.940052867,1723,45973.569999365,7993,2552,7112,22.38,0.66
2024/10/28,53962.520168332,59673.980023542,1152,36273.300036211,5405,1088,5101,22.28,0.75
2024/10/29,43211.570009837,74726.210025787,1185,40343.970028996,3976,686,5211,22.63,0.75
2024/10/30,32924.070010869,75232.159937501,1321,45656.769972462,4981,1008,5329,20.3,0.61
2024/10/31,174320.369324878,164796.159342913,1920,102354.799174026,7182,2132,9118,37.19,0.98
2024/11/1,177743.439794967,132154.499184517,1833,88839.609245494,8546,2928,8853,35,0.95
2024/11/2,186237.230125139,121446.129177669,2560,94293.409135081,11013,4390,10426,29.51,0.9
2024/11/3,157456.820158502,99879.919486642,2024,59056.159575023,9862,3569,9096,28.29,0.88
2024/11/4,120621.5701579,103048.699723789,1363,59546.279723622,6385,1851,6731,33.23,0.92
2024/11/5,102752.110159274,93379.270020146,1272,38923.800036807,5921,1693,6347,30.9,0.95
2024/11/6,128190.329679746,119198.23935461,1677,83295.559386382,6732,2144,7495,33.01,0.91
2024/11/7,122289.879850833,121675.259511122,1654,81557.159440912,6630,2079,7662,31.84,0.77
2024/11/8,105044.639592547,117059.649376035,1668,83354.889255881,6446,2017,7046,31.52,0.64
2024/11/9,131090.340713946,94178.410096943,1864,55342.479996929,9216,3132,8284,27.19,0.8
2021/4/20,2609.989997864,276.709999084,7,644.870002747,1542,27,57,50.64,0.87
2021/4/21,2196.440015793,183.099998474,3,262.770000458,1541,26,50,47.59,0.77
2021/4/22,1790.970008850,388.870006561,7,288.400003433,1600,25,51,42.74,0.59
2021/4/23,1619.319999695,152,4,139.999998093,1609,25,50,35.43,0.84
2021/4/24,1759.219988346,340.499998093,4,158.699999332,1998,25,38,55.26,1.12
2021/4/25,1372.830003738,114.399999619,1,8,1472,20,29,51.28,0.93
2021/4/26,2091.180008888,336.800001144,2,18,1431,34,65,37.35,0.7
2021/4/27,1883.360017776,650.470001221,6,216.600002289,1433,26,47,53.91,0.77
2021/4/28,997.910003662,248.099998474,5,44,1507,17,43,28.98,0.56
2021/4/29,1074.630001068,314.800003052,4,243.800003052,1543,16,37,37.55,0.65
2021/4/30,105.200000763,55.5,2,18,1723,4,16,10.04,0.14
2021/5/1,1877.860000610,640.639999390,8,431.029998779,5105,16,52,48.43,1.16
2021/5/2,1576.550014496,312.419998169,5,158.929998398,5377,20,50,37.78,1.08
2021/5/3,1247.159997940,288.100002289,5,104.099998474,4776,17,41,37.45,1.01
2021/5/4,1115.970006943,187.440002441,5,346.950000763,4325,23,38,34.3,0.75
2021/5/5,1391.410001755,858.400009155,7,469.950002670,3654,17,45,50,1.14
2021/5/6,1185.430004120,161.699998856,1,9,1808,16,31,43.46,0.75
2021/5/7,926.929990539,384.700002670,2,43.5,1751,10,24,54.65,1.01
2021/5/8,860.210012436,301.300003052,3,38.5,1764,10,25,46.46,0.83
2021/5/9,483.630002975,84.400001526,2,75.400001526,2960,6,14,40.57,0.61
2021/5/10,1782.840005875,1173.900005341,8,809.100000381,2061,27,76,38.9,0.98
2021/5/11,1720.410011292,1057.590000153,10,449.600000381,2059,24,64,43.41,1.02
2021/5/12,1602.849998245,234.400001526,3,92.700000763,1833,24,54,34.02,0.77
2021/5/13,1384.400039673,163.900001526,5,234.000007629,1931,9,45,34.41,0.75
2021/5/14,490.900007248,3.5,1,9.5,2051,5,14,35.31,0.71
2021/5/15,1924.709998855,358.709997177,6,284.5,2749,18,58,39.37,0.73
2021/5/16,1926.789989471,754.899995804,8,498.599992752,2571,26,55,48.76,0.92
2021/5/17,1775.840002060,928.899995804,10,638.049997330,1767,16,47,57.55,1.03
2021/5/18,2103.439987183,394.500001907,3,102.200000763,1714,19,42,59.47,0.97
2021/5/19,1600.870008240,509.200002670,6,278.700002670,1610,15,38,55.53,0.93
2021/5/20,2093.600013733,263.000001907,8,791,1762,20,49,48.09,0.75
2021/5/21,569.400003433,19,2,22,2098,8,11,53.49,0.36
2021/5/22,1613.799995422,206.200000763,5,123.599998474,3726,15,34,53.53,0.94
2021/5/23,2299.799995422,272.099998474,5,365.5,2914,25,40,64.3,1.16
2021/5/24,1553.280015945,382.299999237,3,433.580003738,2333,19,45,43.01,0.63
2021/5/25,1186.570007324,128.710000763,4,45.5,1961,18,34,38.68,0.48
2021/5/26,4836.840028763,1220.259998322,8,737.059997559,2723,36,122,49.65,0.95
2021/5/27,3481.700021744,639.160009155,9,584.860008240,2140,34,71,58.04,0.86
2021/5/28,2420.450020313,176.019996643,5,398.300010681,2245,23,48,54.09,0.61
2021/5/29,1646.169994354,471.329998016,5,318.099994659,4243,19,45,47.06,1.02
2021/5/30,2559.749987602,757.799999237,8,342.070000648,4384,35,66,50.27,1.29
2021/5/31,571.790005684,498.880004883,12,283.300000191,3651,14,32,33.46,0.38
2021/6/1,19800.920049457,3549.540016174,36,3625.700006485,7079,129,344,67.88,1.21
2021/6/2,6016.179999352,646.560003281,6,575.070002556,4233,46,105,63.45,1.16
2021/6/3,4247.210001945,926.269994736,9,510.600000381,3024,53,115,44.99,0.9
2021/6/4,1587.340011597,254.410001755,3,35,3241,21,45,40.93,0.76
2021/6/5,1560.629988194,558.770000458,2,32.5,4697,17,38,55.77,1.03
2021/6/6,2262.329992294,360.210000992,4,86.5,4599,19,48,54.64,1.06
2021/6/7,2333.710020542,478.699998856,13,673.619999409,3398,25,46,61.14,1.1
2021/6/8,2298.230013371,234.539997101,6,162.449996948,3980,28,50,50.66,0.8
2021/6/9,2232.390018463,773.470016479,2,842.500022888,3479,24,42,71.57,1.21
2021/6/10,2279.280048370,140.610000610,4,193.5,5371,31,48,50.41,0.79
2021/6/11,3054.740028381,674.429998398,8,606.400012970,3757,31,55,67.8,1.05
2021/6/12,928.010005951,27.600000381,4,137.300003052,5188,14,18,53.09,0.88
2021/6/13,1441.099998474,16.5,4,54.5,4072,16,18,80.98,1.12
2021/6/14,970.000007629,129.299999237,3,85.599998474,4094,8,15,73.29,1.16
2021/6/15,178.610000610,84.400001526,1,8,2882,9,21,12.52,0.17
2021/6/16,5942.210025787,2181.540004730,6,779.420009613,2903,30,135,60.18,1.17
2021/6/17,5069.700067520,718.480005264,7,69,2596,37,89,65.04,1.34
2021/6/18,4007.670004845,1113.330012321,6,824.640010834,3047,32,90,56.9,1.12
2021/6/19,1515.219991684,326.249998093,5,183.239997864,3465,14,42,43.84,0.93
2021/6/20,2915.549989700,1620.159997940,3,383.000001907,3003,19,69,65.73,1.43
2021/6/21,1115.609992981,29,3,32,2280,18,27,42.39,0.7
2021/6/22,1339.800012589,60.900001526,2,208.899995804,2141,21,33,42.45,0.77
2021/6/23,1472.439996719,195.400001526,3,83,2483,22,38,43.89,0.78
2021/6/24,1582.650001526,313.300003052,3,31.5,2445,17,32,59.25,0.97
2021/6/25,1597.460025311,484.900009155,6,407.060004711,2920,16,38,54.8,0.99
2021/6/26,1485.899986267,243.900001526,7,408.899991989,2963,18,43,40.23,1.09
2021/6/27,912.600008011,363,5,67.5,2762,18,29,43.99,0.79
2021/6/28,1776.740001678,71.399999619,5,46,2217,23,37,49.95,0.86
2021/6/29,1750.840009460,157.899997711,8,747.110002289,2488,18,33,57.84,1.05
2021/6/30,900.640003681,60.799999237,3,25.5,2510,13,23,41.8,0.56
2021/7/1,1351.009992370,409.899997711,3,110.760000000,2549,14,28,62.89,1.08
2021/7/2,1987.440042496,798.200019836,8,372.200008392,2870,14,69,40.37,0.9
2021/7/3,933.100003242,362.200004578,3,40.800000191,3571,12,31,41.78,0.73
2021/7/4,501.600006104,205.899993896,4,37.5,3506,7,22,32.16,0.42
2021/7/5,384.020000458,137.900001526,2,17,2951,8,26,20.07,0.23
2021/7/6,1655.640010834,228.800003052,5,46,2670,19,39,48.32,0.74
2021/7/7,1326.970001221,212.900001526,4,57,2522,10,27,57.03,0.94
2021/7/8,1720.710016251,181.150001526,12,106,7466,70,90,21.13,0.31
2021/7/9,2628.249998093,294.399997711,26,524.900001526,8754,92,132,22.14,0.39
2021/7/10,1497.050003052,371.100006104,22,325,10787,84,133,14.05,0.26
2021/7/11,1243.659994125,386.309999466,11,387.540002823,6758,29,50,32.6,0.58
2021/7/12,1263.600003242,206.399993896,10,95.300000191,8127,38,48,30.62,0.39
2021/7/13,1669.899999619,264.700000763,11,143,7877,34,53,36.5,0.82
2021/7/14,499.159996510,408.599997044,12,174.5,7984,31,56,16.21,0.35
2021/7/15,2852.170023918,1008.600008011,17,517.850009918,8886,50,121,31.91,0.58
2021/7/16,1174.280013084,486.799997330,13,217.499999046,8529,33,64,25.95,0.47
2021/7/17,1980.820020694,753.099992752,11,431.400001526,10428,29,62,44.1,0.79
2021/7/18,624.700006962,295.810001373,13,204.649999142,9797,37,49,18.79,0.31
2021/7/19,2027.880010605,320.400001526,13,307.499996185,7911,43,64,36.69,0.6
2021/7/20,1933.410001755,196.800001144,31,451.799997330,7704,53,78,27.31,0.49
2021/7/21,3419.120014191,608.200004578,25,1125.320005417,7318,50,75,53.7,0.94
2021/7/22,1169.479995728,191.600000381,12,509.970003128,7723,32,42,32.41,0.8
2021/7/23,2475.329996109,874.790008545,16,645.499996185,8157,52,78,42.95,0.79
2021/7/24,2113.179988861,336.569997787,28,582.099994659,9689,80,109,22.47,0.42
2021/7/25,2508.479997635,376.639997482,13,395.239997864,9099,37,58,49.74,0.96
2021/7/26,1166.739994049,212.5,11,470.379997253,7216,29,44,31.35,0.44
2021/7/27,846.200006485,202.809993744,14,271.300003052,7563,36,49,21.41,0.28
2021/7/28,641.500001907,586.900001526,7,96.5,7401,25,43,28.57,0.4
2024/1/15,361697.109734921,132088.999962496,1315,229143.640036482,19855,1487,5285,93.43,1.1
2024/1/16,231564.720037261,167534.090057071,1334,166819.160062371,18518,1563,5554,71.86,0.74
2024/1/17,363222.640169449,204554.480059523,1668,228628.729969868,22183,1927,7296,77.82,0.87
2024/1/18,383711.060130483,234080.67976529,1663,261557.919712508,32897,2124,7137,86.56,0.93
2024/1/19,333251.32001848,145826.100181956,1415,193892.159979729,25919,1764,5745,83.39,0.85
2024/1/20,248723.980363505,139613.940174457,1863,170195.700191483,51362,2499,6982,55.62,0.88
2024/1/21,200784.660148541,116553.240145074,1468,112492.580036698,29196,1877,5790,54.81,0.7
2024/1/22,449812.489933074,147728.280173995,1324,258774.67002628,21620,2079,5798,103.06,1.11
2024/1/23,273921.930057663,181780.649944004,1392,221028.209939893,19469,1635,5524,82.5,0.89
2024/1/24,363182.619783072,172945.420272209,1381,307198.640041219,20943,1656,5530,96.95,1.04
2024/1/25,383796.9003039,181554.280145271,1491,255079.410017624,22566,2247,6290,89.88,0.85
2024/1/26,287113.330231586,171132.350147698,1457,225931.300174421,21441,1811,5717,80.15,0.82
2024/1/27,274212.800046114,179967.720017511,1962,227156.779975383,22805,2701,7167,63.37,0.73
2024/1/28,233866.17011223,136523.200046558,1767,159071.270064827,23888,2553,6760,54.79,0.65
2024/1/29,272962.900025373,137358.159969863,1582,180264.029966796,24637,2327,6127,66.97,0.77
2024/1/30,218321.800255941,122433.820049439,1764,157912.310152665,24550,3048,6825,49.93,0.64
2024/1/31,162376.190199494,132723.430070296,1639,114884.940057214,21856,2707,6569,44.92,0.6
2024/2/1,229526.140488455,91286.780057669,1716,100632.060254395,26338,3663,6920,46.36,0.61
2024/2/2,178735.829734981,104330.870112419,1769,90793.339947522,25438,3713,6872,41.19,0.6
2024/2/3,151863.139907796,64261.060096025,1674,69318.679997224,24507,3720,6550,33,0.47
2024/2/4,178111.440323243,89205.240348458,1476,86017.900253067,23940,3260,5934,45.05,0.6
2024/2/5,129751.26008258,63220.150080442,1554,67822.510071136,24587,3250,5817,33.17,0.54
2024/2/6,109000.530091703,72395.459814191,1627,72734.240055382,27784,3350,5889,30.8,0.67
2024/2/7,98140.759979010,41643.220100641,1557,51011.970068336,29601,3098,5159,27.1,0.79
2024/2/8,87369.880079508,34789.519969042,1540,55425.160002947,34949,3123,5050,24.19,0.99
2024/2/9,56420.539990067,22528.430015326,1673,35476.589987636,42990,3022,4758,16.59,0.78
2024/2/10,91280.450028002,21518.680007517,3984,60833.730016768,36873,7619,10335,10.91,0.72
2024/2/11,79625.259960592,21989.940016568,3267,52131.559995532,42649,6443,8911,11.4,0.74
2024/2/12,90157.030011714,22915.500006080,3812,61293.640021443,43635,7341,10010,11.3,0.75
2024/2/13,99676.309974492,26867.069997668,4057,67615.479961336,44551,7897,10913,11.6,0.81
2024/2/14,92249.320059054,31630.850020707,3854,63789.480042815,43171,7556,10519,11.78,0.76
2024/2/15,78169.219994674,29597.269980550,2951,51489.910004437,40679,5806,8469,12.72,0.74
2024/2/16,54752.250047445,30833.569956422,1828,40183.329944611,38153,3399,5580,15.34,0.19
2024/2/17,54407.390047789,38955.680023193,1539,45045.640056849,35243,2878,4975,18.77,0.11
2024/2/18,80817.019919276,67082.810244679,1288,65674.410326958,29810,2413,4442,33.3,0.28
2024/2/19,75354.389885077,582549.640070438,1045,57118.690036902,27144,1903,3808,172.77,1.72
2024/2/20,99034.980123043,69132.700086484,1688,74061.070230365,22513,2911,5574,30.17,0.85
2024/2/21,75387.920128603,56024.329958677,1284,56577.069975872,20334,2269,4630,28.38,0.87
2024/2/22,73782.129846632,58573.619974375,1268,55617.779981911,19006,2215,4680,28.28,0.86
2024/2/23,74148.499769807,80349.589810610,1438,73106.199746370,18334,2444,5016,30.8,0.93
2024/2/24,63574.810003221,55010.010029078,1857,54805.550055504,22201,3157,6037,19.64,0.76
2024/2/25,55238.499976397,45578.169973254,1701,42266.689968109,19866,2959,5809,17.36,0.63
2024/2/26,56145.569978833,60287.339966178,1251,48427.590020061,14259,1980,4595,25.34,0.86
2024/2/27,63458.610052586,57157.919995844,1347,49180.629999876,13005,2071,5136,23.48,0.73
2024/2/28,66293.709906239,64083.230000734,1391,53156.719985604,11623,1896,5153,25.3,0.77
2024/2/29,67347.789963603,92020.770040989,1288,79837.330067992,10684,1664,5119,31.13,1
2024/3/1,67624.089999557,61788.620059609,1135,47514.080129743,12230,1528,4914,26.34,0.95
2024/3/2,86461.819924772,56300.850006530,2436,56442.170008898,15205,3660,8239,17.33,0.87
2024/3/3,83207.990032554,43807.549975634,2286,47780.470081925,14430,3412,8083,15.71,0.77
2024/3/4,54498.010010064,60694.199864933,1336,40764.719911346,8881,1368,5486,21,0.83
2024/3/5,81287.739870677,81582.859923840,1463,42504.609991560,9947,1471,6366,25.58,0.93
2024/3/6,77722.679928482,72222.839996934,1389,48854.940022349,8831,1418,5890,25.46,1.01
2024/3/7,61809.879797230,65144.419983566,1498,39616.889974007,8708,1489,6126,20.72,0.73
2024/3/8,84336.329979181,75522.490069279,1633,61521.730137229,9812,2003,6374,25.08,1.08
2024/3/9,74451.350075960,59886.199937293,2493,56384.120009730,13463,3295,8112,16.56,0.83
2024/3/10,70870.789916813,59169.339942336,2327,54658.709980130,12579,2818,7618,17.07,0.85
2024/3/11,59868.039936900,60237.059959829,1474,39351.819990814,8449,1644,6105,19.67,0.78
2024/3/12,52585.810032455,58969.889954478,1413,39921.470013389,8572,1439,6117,18.24,0.74
2024/3/13,48300.039980916,59552.320037493,1426,38608.890015997,7586,1307,5706,18.9,0.75
2024/3/14,44701.249949098,59745.160005927,1475,35145.829965353,7308,1283,5819,17.95,0.8
2024/3/15,76348.690023312,55294.290013639,1605,71348.36000802,8355,1899,6182,21.29,0.86
2024/3/16,70947.609969089,57001.439918995,2866,53608.019963572,11564,3584,8888,14.4,0.73
2024/3/17,71629.749870319,51522.359992445,2072,43244.920005281,10840,2540,6983,17.64,0.72
2024/3/18,58325.029981444,60914.909953365,1257,40297.209986934,6927,1287,5510,21.64,0.76
2024/3/19,61267.539885590,64175.589981267,1465,40256.829974610,7678,1638,6402,19.59,0.76
2024/3/20,58604.749949712,66624.589992056,1472,44953.179991025,10143,1426,6151,20.36,0.67
2024/3/21,46168.469894676,63407.809931645,1490,41954.689981498,6777,1395,6200,17.67,0.57
2024/3/22,51198.870028377,56435.549931467,1600,36585.079998255,7863,1644,6112,17.61,0.62
2024/3/23,68648.079963442,64304.579994427,2283,53352.990021216,9837,2870,7579,17.54,0.67
2024/3/24,69111.059889505,57125.489966163,1955,48111.069970617,9548,2351,6889,18.32,0.72
2024/3/25,51590.340000410,63300.279962668,1362,42564.670019049,6153,1169,5627,20.42,0.72
2024/3/26,55223.219994307,60422.179966152,1458,41764.839999259,6884,1381,5981,19.34,0.64
2024/3/27,57451.880069302,58447.270030737,1376,40606.919992076,6461,1365,5628,20.59,0.57
2024/3/28,54206.589984059,62965.939955015,1558,42558.410005450,6633,1446,5979,19.6,0.55
2024/3/29,51092.289953470,60169.70997262,1704,41129.509963453,6332,1585,6304,17.65,0.57
2024/3/30,62369.850093672,67349.310006127,2632,54750.080014288,9372,3235,8435,15.38,0.61
2024/3/31,53744.689975271,52745.369958797,2430,43055.369974315,8905,2726,7788,13.67,0.54
2024/4/1,75117.820161223,54649.659908721,1456,34689.989971459,9024,1758,6249,20.77,0.77
2024/4/2,71688.069995757,47402.500030875,1405,29057.440028567,6454,1786,6350,18.75,0.76
2024/4/3,51061.569996942,46949.930005807,1326,30578.649988014,6755,1730,5523,17.75,0.68
2024/4/4,78279.600107171,40031.980005035,2531,40902.199976601,11551,4042,7817,15.14,0.73
2024/4/5,79448.759965548,41854.279951848,2783,46138.289992929,11750,4375,8422,14.4,0.68
2024/4/6,60453.25003458,47343.869963288,2091,42503.269997368,9613,2978,7084,15.22,0.67
2024/4/7,44921.239969738,48439.749977350,1215,25736.720001377,6157,1281,5243,17.81,0.36
2024/4/8,47848.430015799,49667.320010841,1263,27970.459990529,5809,1297,5601,17.41,0.59
2024/4/9,50392.049979109,52608.939945349,1365,33565.359963307,7154,1351,5754,17.9,0.64
2024/4/10,44787.719976563,53383.320015300,1323,31575.789977420,6192,1362,5519,17.79,0.57
2024/4/11,49062.499866009,58818.919980267,1466,36852.149970809,6797,1533,6000,17.98,0.64
2024/4/12,51437.289902398,55472.489945769,1525,32794.219959030,6811,1705,6136,17.42,0.58
2024/4/13,72048.009922266,61429.689992949,2385,53536.410048768,9368,3297,8169,16.34,0.72
2024/4/14,62938.549979934,59055.199866444,2103,43532.119958350,9118,2725,7477,16.32,0.63
2024/4/15,52849.359919209,60172.249980886,1466,34895.690009195,5563,1462,6191,18.26,0.67
2024/4/16,46241.809868006,56890.899999289,1460,32737.459998388,5410,1339,6006,17.17,0.64
2024/4/17,44755.569983194,54145.930059442,1418,29860.370013783,5432,1433,5988,16.52,0.52
2024/4/18,47130.790048242,53190.189980447,1417,31048.310025811,5579,1446,6175,16.25,0.6
2024/4/19,43368.990025558,48722.859973552,1373,31005.670022694,5545,1488,5566,16.55,0.53
2024/4/20,58543.159991292,52717.280011782,2390,43750.800021062,8092,2932,7802,14.26,0.56
2024/4/21,69792.459907720,54031.159986198,2125,42404.689984092,8114,2713,7547,16.41,0.74
2024/4/22,42248.129969973,54341.519921452,1377,34151.799986500,5153,1190,5661,17.06,0.64
2024/4/23,31019.559972942,54903.929935107,1409,29443.499983609,4723,1151,5625,15.28,0.48
2020/10/2,,,,,1969,1,,,
2020/10/3,,,,,2125,1,,,
2020/10/4,,,,,1779,1,,,
2020/10/5,,,,,2935,1,,,
2020/10/6,,,,,2761,1,,,
2020/10/7,,,,,2155,1,,,
2020/10/8,,,,,2220,1,,,
2020/10/9,,,,,1981,1,,,
2020/10/10,,,,,1810,1,,,
2020/10/11,,,,,2130,1,,,
2020/10/12,,,,,1565,1,,,
2020/10/13,,,,,1569,1,,,
2020/10/14,,,,,1595,1,,,
2020/10/15,,,,,1603,1,,,
2020/10/16,,,,,1717,1,,,
2020/10/17,,,,,1928,1,,,
2020/10/18,,,,,1929,1,,,
2020/10/19,,,,,1701,1,,,
2020/10/20,,,,,2100,1,,,
2020/10/21,,,,,331072,1,,,
2020/10/22,,,,,8246,1,,,
2020/10/23,,,,,5210,1,,,
2020/10/24,,,,,4990,1,,,
2020/10/25,,,,,13453,1,,,
2020/10/26,,,,,3545,1,,,
2020/10/27,,,,,7996,1,,,
2020/10/28,,,,,2201,1,,,
2020/10/29,,,,,1606,1,,,
2020/10/30,,,,,1792,1,,,
2020/10/31,,,,,2385,1,,,
2020/11/1,,,,,2830,1,,,
2020/11/2,,,,,10562,1,,,
2020/11/3,,,,,5089,1,,,
2020/11/4,,,,,4160,1,,,
2020/11/5,,,,,3816,1,,,
2020/11/6,,,,,4163,1,,,
2020/11/7,,,,,2778,1,,,
2020/11/8,,,,,2666,1,,,
2020/11/9,,,,,2617,1,,,
2020/11/10,,,,,17819,1,,,
2020/11/11,,,,,34434,1,,,
2020/11/12,,,,,1959,1,,,
2020/11/13,,,,,2239,1,,,
2020/11/14,,,,,3658,1,,,
2020/11/15,,,,,3341,1,,,
2020/11/16,,,,,2683,1,,,
2020/11/17,,,,,2345,1,,,
2020/11/18,,,,,2211,1,,,
2020/11/19,,,,,1985,1,,,
2020/11/20,,,,,1993,1,,,
2020/11/21,,,,,2839,1,,,
2020/11/22,,,,,2533,1,,,
2020/11/23,,,,,881807,1,,,
2020/11/24,,,,,32413,1,,,
2020/11/25,,,,,15031,1,,,
2020/11/26,,,,,25589,1,,,
2020/11/27,,,,,13366,1,,,
2020/11/28,,,,,88169,1,,,
2020/11/29,,,,,121982,1,,,
2020/11/30,,,,,107895,1,,,
2020/12/1,,,,,6757,1,,,
2020/12/2,,,,,1554,1,,,
2020/12/3,,,,,1565,1,,,
2020/12/4,,,,,1523,1,,,
2020/12/5,,,,,2059,1,,,
2020/12/6,,,,,1930,1,,,
2020/12/7,,,,,1638,1,,,
2020/12/8,,,,,44227,1,,,
2020/12/9,,,,,13266,1,,,
2020/12/10,,,,,30338,1,,,
2020/12/11,,,,,95540,1,,,
2020/12/12,,,,,28186,1,,,
2020/12/13,,,,,4344,1,,,
2020/12/14,,,,,140567,1,,,
2020/12/15,,,,,66412,1,,,
2020/12/16,,,,,37135,1,,,
2020/12/17,,,,,102979,1,,,
2020/12/18,,,,,36027,1,,,
2020/12/19,,,,,2938,1,,,
2020/12/20,,,,,2508,1,,,
2020/12/21,,,,,244895,1,,,
2020/12/22,,,,,325519,1,,,
2020/12/23,,,,,193642,1,,,
2020/12/24,,,,,304395,1,,,
2020/12/25,,,,,2985,1,,,
2020/12/26,,,,,2410,1,,,
2020/12/27,,,,,2452,1,,,
2020/12/28,,,,,4609,1,,,
2020/12/29,,,,,1615,1,,,
2020/12/30,,,,,1633,1,,,
2020/12/31,,,,,1745,1,,,
2021/1/1,8663.580000043,0,418,5284.880000353,2609,889,1107,7.83,0.09
2021/1/2,6669.200000525,218,315,3937.720000982,2496,683,947,7.27,0.11
2021/1/3,5655.199999571,696.5,282,3532.549999952,2313,597,890,7.14,0.1
2021/1/4,3594.960001707,468.900000095,144,1654.590000391,1865,356,669,6.07,0.07
2021/1/5,5248.639990091,1192.300000191,179,2287.819999695,1786,361,658,9.79,0.11
2021/1/6,7612.919997573,841.079997063,97,2709.019998550,1746,183,409,20.67,0.38
2021/1/7,5281.210010529,0,11,1367.810005188,1730,34,57,92.65,1.2
2021/1/8,3622.360023499,98.100002289,5,421.100002289,1797,38,58,64.15,1.04
2021/1/9,7505.830018997,135.099998474,10,2925.909996033,2472,45,68,112.37,1.64
2025/5/29,90860.799982851,97223.689688619,845,46967.239962230,8029,900,4926,38.18,1.01
2025/5/30,72583.779907163,79447.739948878,750,42493.369988827,9204,816,4120,36.9,0.96
2025/5/31,62313.739746828,66003.499753270,770,34063.129885335,10602,985,3940,32.57,1.08
2025/6/1,355656.812054671,77487.569682956,1097,54220.699801683,14905,3450,7068,61.28,1.82
2025/6/2,163563.910677809,62436.109859306,955,32563.809919018,10379,1850,5204,43.43,1.51
2025/6/3,163804.780309457,80739.789761910,847,43581.289904842,7720,1459,5360,45.62,1.37
2025/6/4,111214.04836088,82514.149708748,828,38206.679902343,6959,1106,5071,38.2,1.13
2025/6/5,241308.153076081,91222.749499209,948,52294.749515202,9854,2137,6207,53.57,1.13
2025/6/6,108987.618103046,85592.769634867,880,41527.429821277,7372,1275,5069,38.39,1.02
2025/6/7,117881.867803991,73410.959818542,1170,41802.949855089,8433,1712,5445,35.13,0.99
2025/6/8,332847.500340113,87743.069044853,1087,49184.689428637,11923,3068,6921,60.77,1.21
2025/6/9,112306.648099193,101541.649573345,850,43041.109842956,6715,1197,4968,43.05,1.12
2025/6/10,111227.968669543,86730.31963709,908,45799.599863419,6615,1316,5371,36.86,0.84
2025/6/11,85039.839201409,78658.839696139,840,40323.949853867,6086,1043,4951,33.06,1.12
2025/6/12,81336.679325709,83260.199647201,811,38572.869877357,6345,993,5136,32.05,1.07
2025/6/13,72069.979375478,76591.959803736,726,35312.289925842,6439,800,4426,33.59,1.16
2025/6/14,59651.589545755,65966.379812874,888,30305.709977278,6045,925,4401,28.54,1.04
2025/6/15,94710.199511945,90169.219600441,874,39831.009990931,6426,1103,5040,36.68,1.14
2025/6/16,77245.339779524,89515.029735135,770,49497.879957566,5401,868,4851,34.38,1.08
2025/6/17,74316.199770804,84153.029846087,774,37770.659963310,5192,843,4583,34.58,1.08
2025/6/18,84337.749552159,83184.799761452,741,37164.909955144,5025,875,4485,37.35,1.07
2025/6/19,65035.049664874,65889.669939455,632,31429.849968323,4649,728,3701,35.38,0.97
2025/6/20,79114.439686565,87810.939862119,735,42258.279987225,5062,811,4081,40.9,1.3
2025/6/21,33767.939963827,54108.700027393,830,26714.309990168,5665,719,3587,24.5,0.85
2025/6/22,36519.119463095,57751.209779410,746,30451.559905887,5512,730,3466,27.2,0.84
2025/6/23,30582.709705610,62949.029924260,659,32821.329949984,4472,538,3292,28.41,0.78
2025/6/24,33917.479649782,63906.529879538,610,31282.579985261,5369,1303,4324,22.62,0.67
2025/6/25,32961.859799743,83136.729313493,677,56988.359353662,5063,1084,3983,29.15,0.57
2025/6/26,34132.429751653,74555.590035398,682,42445.040134797,5241,1029,4008,27.12,0.93
2025/6/27,91745.519705374,71779.230059424,769,47568.450086722,6610,1981,4837,33.81,1
2025/6/28,88159.720167169,51635.529974222,851,29472.540017128,7154,1902,4812,29.05,1.08
2025/6/29,96138.030289320,54539.309978344,822,30880.159976322,6958,1887,4852,31.05,1.16
2025/6/30,107756.550369978,63578.519963324,771,41726.869971395,6208,1672,4621,37.08,1.18
2025/7/1,119605.23050046,60944.479865231,786,29178.899944581,6279,1882,5034,35.87,1.12
2025/7/2,74470.469681928,61718.479799628,772,27553.189957500,5689,1183,4347,31.33,0.97
2025/7/3,88675.088525016,60953.189759731,786,33046.369923541,5876,1136,4031,37.12,1.1
2025/7/4,176595.584576845,66986.399641752,770,37792.59971416,8327,1847,4854,50.18,1.23
2025/7/5,148992.986236412,61701.509718487,824,33350.329796026,8270,1937,4881,43.17,1.2
2025/7/6,68715.898771722,48657.149879791,701,20516.779897360,6557,1298,3958,29.65,0.97
2025/7/7,51031.659515418,66142.189807925,688,33801.979983734,5816,1040,3840,30.51,0.98
2025/7/8,88303.848699616,77657.799841071,764,41788.689893929,6564,1256,4030,41.18,1.14
2025/7/9,93180.128766088,88280.889782825,762,38660.189904222,6300,1202,4314,42.06,1.17
2025/7/10,135051.896598915,83520.449575303,721,43945.109796086,7276,1432,4253,51.39,1.26
2025/7/11,118054.967475273,99280.959746065,810,49815.209862906,6830,1553,4772,45.54,1.28
2025/7/12,90001.578259110,70777.819717959,931,37442.899815321,7169,1741,4660,34.5,1.18
2025/7/13,143215.516296456,60416.239573117,880,32618.949601907,8328,2031,4902,41.54,1.13
2025/7/14,121073.047172565,106364.71967501,757,62807.609781146,7671,1736,4506,50.47,1.27
2025/7/15,78067.038801143,69274.239762353,725,37681.789917240,6526,1260,3668,40.17,1.01
2025/7/16,65427.149144650,70858.009936439,759,32292.039932072,6254,1267,3747,36.37,0.74
2025/7/17,67121.429342816,65797.459850321,704,32308.869932482,7139,1485,3960,33.57,0.84
2025/7/18,59649.449532637,81236.219872480,760,36466.839892425,6613,1386,4058,34.72,0.6
2025/7/19,71585.989373166,62007.319885520,902,32554.219965000,7220,1647,4284,31.18,0.97
2025/7/20,90488.768191457,55319.479824938,819,24647.929885626,7262,1757,4132,35.29,0.72
2025/7/21,57653.509144604,71096.019774722,702,30349.24992311,6058,1239,3536,36.41,0.88
2025/7/22,61972.969342003,68829.629932113,694,36586.089906264,5879,1219,3606,36.27,0.93
2025/7/23,44555.679648995,69515.519950885,646,31857.339949379,6070,1097,3335,34.2,0.98
2025/7/24,74945.859869916,84226.049974846,797,44085.800017118,7059,1428,3980,39.99,0.89
2025/7/25,98994.859257460,100045.670107136,749,70815.350060701,8245,1771,4195,47.45,1.13
2025/7/26,77315.569484660,65579.280094922,884,36489.289977312,8634,1903,4552,31.39,0.9
2025/7/27,72814.299116306,72442.749862194,890,40148.080019705,8371,1755,4208,34.52,0.93
2025/7/28,649548.415044934,89816.379961729,925,65493.489817023,15426,6055,8743,84.57,1.09
2025/7/29,130250.817541661,82337.679702044,811,39909.209824922,8043,1734,4433,47.96,0.86
2025/7/30,95290.698388526,71334.499848962,875,32016.539915264,7943,1578,4160,40.05,0.8
2025/7/31,49479.719690332,58620.629855365,742,25348.589929819,7252,1246,3484,31.03,0.82
2025/8/1,47085.159806184,73121.009856913,846,32992.559936840,6618,1077,3702,32.47,0.81
2025/8/2,43516.099740813,61956.369830668,988,29069.909988293,7208,1475,4017,26.26,0.68
2025/8/3,41540.429794967,56921.039884880,973,29702.139918044,7675,1523,3833,25.69,0.61
2025/8/4,161654.360725641,61624.079860568,897,38737.479968071,9225,2366,4677,47.74,1.36
2025/8/5,381535.682839463,82318.209999442,830,54913.919861317,12533,3808,6363,72.9,1.75
2025/8/6,135028.078820486,72972.759846853,808,38999.449831413,7992,1471,4244,49.01,1.08
2025/8/7,86203.999435155,81678.169995844,763,42361.520006070,7051,1390,3835,43.78,1.03
2025/8/8,72966.199525017,77377.309910078,731,36086.990030427,7229,1329,3627,41.45,0.98
2025/8/9,68284.339459667,67758.189901412,804,34734.210004330,8098,1614,3812,35.69,0.87
2025/8/10,76103.159075687,60635.819830308,898,26722.779909670,8613,1842,4255,32.14,0.78
2025/8/11,79893.529111583,81021.419807516,849,43370.040005915,8066,1680,4143,38.84,1.01
2025/8/12,78573.678667812,85885.889567494,803,36308.249882340,8212,1652,4130,39.82,0.88
2025/8/13,101260.058441855,74188.459683329,875,45411.479914526,8488,1742,4239,41.39,0.9
2025/8/14,73252.869132416,63719.209780574,497,28407.629894197,7910,1195,2985,45.89,1.11
2025/8/15,49305.469254741,45564.189778814,82,8298.729954243,8902,892,1953,48.58,1.16
2025/8/16,40087.709473610,45924.089874268,91,11670.249969482,8685,577,1531,56.18,1.48
2025/8/17,38904.769550819,42600.659774780,62,7472.429973602,8224,521,1392,58.55,1.62
2025/8/18,54677.609714756,61501.579746962,98,15236.539916992,7489,548,1682,69.07,1.94
2025/8/19,56416.259648094,62756.709888220,79,9478.259979496,7451,574,1713,69.57,1.81
2025/8/20,47433.319705505,50801.149947643,91,15218.579946766,7495,476,1430,68.7,1.96
2025/8/21,44819.289474010,48000.879820824,74,11306.090003967,7392,507,1508,61.55,1.64
2025/8/22,46646.779519081,46525.049905777,73,9907.529906750,7880,552,1544,60.34,1.55
2025/8/23,49137.309523582,39004.309898376,83,12520.009974480,8365,508,1348,65.39,1.6
2025/8/24,43151.889556408,36830.189806938,71,9745.070020676,8169,402,1156,69.19,1.57
2025/8/25,91824.119787574,84426.959970832,1276,55511.390048027,7283,1350,4251,41.46,1.04
2025/8/26,109521.779473394,89365.939540833,1653,62283.989948988,8601,2204,5305,37.49,0.94
2025/8/27,87048.129757524,103351.049931902,1524,52131.389962215,7565,1551,5001,38.07,1
2025/8/28,87708.119446503,71552.790022671,1706,56150.420020113,7949,1966,5004,31.83,0.89
2025/8/29,74111.539717441,76324.280050337,1830,58823.869990405,8699,1743,4908,30.65,0.84
2025/8/30,73232.599694848,77867.729940630,2050,66103.969971277,7416,1603,5366,28.16,0.82
2025/8/31,72446.239831297,58654.049971104,2000,52073.139977653,8076,1654,5216,25.13,0.73
2025/9/1,104095.450463295,54104.980027974,1030,33997.190007329,7954,1438,4530,34.92,1.08
2025/9/2,241466.740401465,87112.509882718,933,46362.709868837,7627,1935,6143,53.49,1.56
2025/9/3,179338.940277927,87986.120058924,892,51487.920165926,7385,2109,5562,48.06,1.45
2025/9/4,276110.838257626,96567.999737114,868,51875.139747024,13532,2454,5998,62.13,1.09
2025/9/5,138070.75780789,85903.429726832,822,46398.899834812,7024,1378,4713,47.52,0.81
2020/6/24,,,,,8386,1,,,
2020/6/25,,,,,5589,1,,,
2020/6/26,,,,,3405,1,,,
2020/6/27,,,,,3337,1,,,
2020/6/28,,,,,2888,1,,,
2020/6/29,,,,,3222,1,,,
2020/6/30,,,,,3002,1,,,
2020/7/1,,,,,4865,1,,,
2020/7/2,,,,,3335,1,,,
2020/7/3,,,,,3402,1,,,
2020/7/4,,,,,3659,1,,,
2020/7/5,,,,,3084,1,,,
2020/7/6,,,,,3068,1,,,
2020/7/7,,,,,3190,1,,,
2020/7/8,,,,,3198,1,,,
2020/7/9,,,,,2968,1,,,
2020/7/10,,,,,4809,1,,,
2020/7/11,,,,,4004,1,,,
2020/7/12,,,,,4750,1,,,
2020/7/13,,,,,3293,1,,,
2020/7/14,,,,,3314,1,,,
2020/7/15,,,,,3181,1,,,
2020/7/16,,,,,3259,1,,,
2020/7/17,,,,,3313,1,,,
2020/7/18,,,,,4233,1,,,
2020/7/19,,,,,4273,1,,,
2020/7/20,,,,,3925,1,,,
2020/7/21,,,,,2668,1,,,
2020/7/22,,,,,3452,1,,,
2020/7/23,,,,,3926,1,,,
2020/7/24,,,,,3350,1,,,
2020/7/25,,,,,3363,1,,,
2020/7/26,,,,,2890,1,,,
2020/7/27,,,,,3710,1,,,
2020/7/28,,,,,3912,1,,,
2020/7/29,,,,,3709,1,,,
2020/7/30,,,,,3259,1,,,
2020/7/31,,,,,3614,1,,,
2020/8/1,,,,,6362,1,,,
2020/8/2,,,,,4996,1,,,
2020/8/3,,,,,4996,1,,,
2020/8/4,,,,,3578,1,,,
2020/8/5,,,,,3307,1,,,
2020/8/6,,,,,3354,1,,,
2020/8/7,,,,,3776,1,,,
2020/8/8,,,,,4507,1,,,
2020/8/9,,,,,3887,1,,,
2020/8/10,,,,,3215,1,,,
2020/8/11,,,,,3467,1,,,
2020/8/12,,,,,3976,1,,,
2020/8/13,,,,,4555,1,,,
2020/8/14,,,,,43713,1,,,
2020/8/15,,,,,5580,1,,,
2020/8/16,,,,,4385,1,,,
2020/8/17,,,,,4328,1,,,
2020/8/18,,,,,7407,1,,,
2020/8/19,,,,,8913,1,,,
2020/8/20,,,,,5237,1,,,
2020/8/21,,,,,5309,1,,,
2020/8/22,,,,,6262,1,,,
2020/8/23,,,,,5308,1,,,
2020/8/24,,,,,4922,1,,,
2020/8/25,,,,,4611,1,,,
2020/8/26,,,,,2926,1,,,
2020/8/27,,,,,3144,1,,,
2020/8/28,,,,,3104,1,,,
2020/8/29,,,,,3046,1,,,
2020/8/30,,,,,2792,1,,,
2020/8/31,,,,,2806,1,,,
2020/9/1,,,,,2089,1,,,
2020/9/2,,,,,2711,1,,,
2020/9/3,,,,,2637,1,,,
2020/9/4,,,,,2694,1,,,
2020/9/5,,,,,6843,1,,,
2020/9/6,,,,,9560,1,,,
2020/9/7,,,,,28012,1,,,
2020/9/8,,,,,277914,1,,,
2020/9/9,,,,,34860,1,,,
2020/9/10,,,,,20498,1,,,
2020/9/11,,,,,13083,1,,,
2020/9/12,,,,,9211,1,,,
2020/9/13,,,,,126525,1,,,
2020/9/14,,,,,49930,1,,,
2020/9/15,,,,,3021,1,,,
2020/9/16,,,,,5310,1,,,
2021/1/10,4050.359989166,87.799999237,6,1596.299987793,2305,30,47,88.05,1.15
2021/1/11,6399.740008354,75.900001526,8,1612.139994144,1955,31,70,92.51,1.06
2021/1/12,7456.890028000,111.030000687,10,1463.309993744,2016,48,86,88,1.08
2021/1/13,4693.990010262,155.099996567,10,984.430008888,1992,46,74,65.53,0.75
2021/1/14,5850.489997864,474.300003052,10,1425.010000229,42002,48,76,83.22,0.83
2021/1/15,5580.080024719,51.5,7,833.700010300,51947,47,77,73.14,0.84
2021/1/16,5170.210016251,496.560009003,10,1845.320007324,7094,34,59,96.05,1.23
2021/1/17,1797.759999752,200.900001526,2,194.5,6580,18,30,66.62,0.98
2021/1/18,1367.619999886,8,4,168.5,39179,11,19,72.4,1
2021/1/19,563.609992981,47,1,47,42013,4,7,87.23,0.73
2021/1/20,44797.440060616,2138.089989662,47,6910.509996414,35503,98,519,90.43,1.2
2021/1/21,12562.510013342,342.600000381,21,2539.219987631,7008,44,142,90.88,1.12
2021/1/22,7104.199995995,370.060007095,9,847.510005951,6137,48,97,77.05,0.87
2021/1/23,9318.009976387,533.379999161,11,1482.940002441,7869,53,114,86.42,1.17
2021/1/24,12688.459983826,1389.559999466,13,2509.499998093,7925,64,149,94.48,1.35
2021/1/25,12161.440011978,1062.570005417,10,1054.590005875,7417,55,158,83.7,0.96
2021/1/26,7735.079979181,535.220000267,53,2574.909998178,7674,35,216,38.29,0.68
2021/1/27,5934.870006561,494.420000076,4,339.900001526,28615,33,85,75.64,0.94
2021/1/28,6220.060007095,482.449989319,7,1219.770006180,68905,32,85,78.85,1.04
2021/1/29,5208.750028610,401.350007057,8,954.739994049,28494,43,72,77.92,1.07
2021/1/30,5503.779998779,364.430004120,6,573.850002289,32525,74,131,44.8,0.66
2021/1/31,5904.740009382,345.569999695,6,878.099998549,49476,90,124,50.41,0.81
2021/2/1,7372.430019379,1494.500007629,6,1468.349998474,65618,71,110,80.61,1
2021/2/2,6999.920024872,488.700006485,9,1955.899997711,317097,60,92,81.4,1.19
2021/2/3,12045.760051727,149.200000763,12,2876.199996948,61655,101,134,91.01,1.01
2021/2/4,8180.400033951,247.500003815,10,2899.400005341,27006,78,98,86,1.02
2021/2/5,7104.400051117,383.300010681,9,1473.500015259,26577,82,110,68.07,0.89
2021/2/6,4386.600023270,394.299995422,2,47,19507,97,119,40.18,0.48
2021/2/7,7138.000026703,700.400005341,6,551.400003433,11946,102,129,60.76,0.68
2021/2/8,4163.600042343,201.300003052,7,529.400009155,8553,69,97,45,0.73
2021/2/9,2150.309997559,499.399997711,2,51,8445,47,58,45.68,0.56
2021/2/10,1803.100006104,60.400001526,7,172,6652,43,51,36.54,0.56
2021/2/11,1516.600008011,0,1,27,6017,39,47,32.27,0.47
2021/2/12,1797.100011826,481.999998093,9,490.800003052,5666,88,102,22.34,0.35
2021/2/13,1367.300004959,332.699996948,8,285.300003052,6256,51,59,28.81,0.46
2021/2/14,2174.310001373,3,5,158.900001526,6344,70,76,28.65,0.5
2021/2/15,717.399999619,0,2,38,6415,31,33,21.74,0.36
2021/2/16,1605.100002289,142.040000916,7,137.5,6851,70,77,22.69,0.36
2021/2/17,1056.000005722,27,4,86,6355,62,64,16.92,0.28
2021/2/18,1629.200014114,34,4,290.800003052,5739,56,59,28.19,0.52
2021/2/19,1816.900012016,58.800000191,4,139.400001526,5342,42,54,34.74,0.56
2021/2/20,537.000007629,0,2,51.200000763,4621,39,40,13.43,0.22
2021/2/21,967.400008202,70.700001717,1,11,4624,44,50,20.76,0.36
2021/2/22,1904.820019722,218.100003242,1,40,3722,30,52,40.83,0.83
2021/2/23,1916.600003242,375.240001678,4,405.899999619,3519,28,44,52.09,0.88
2021/2/24,2596.030001640,273.500006199,7,792.200004578,3227,33,50,57.39,1.07
2021/2/25,1173.200002670,113.399999619,2,51.200000763,3054,23,27,47.65,0.71
2021/2/26,665.200005531,117.100003242,2,228,4171,27,31,25.24,0.4
2021/2/27,1001.900010109,308.349999428,3,117.600000381,2961,46,62,21.13,0.4
2021/2/28,1390.319997787,70.100000381,2,50.600000381,2477,35,45,32.45,0.64
2021/3/1,2983.310018539,239.709997177,1,10.5,2072,19,41,78.61,1.68
2021/3/2,1699.030008316,132,1,79.800003052,1982,23,32,57.22,1.16
2021/3/3,1936.719999313,66,1,75.100000381,2060,20,33,60.69,1.19
2021/3/4,227.399999619,84.909999847,0,0,1657,2,6,52.05,1.11
2021/3/5,4973.330005169,1192.390003204,1,178.410003662,1737,23,98,62.92,1.14
2021/3/6,1996.100019226,227.900001526,1,63.100000381,2156,15,38,58.53,1.2
2021/3/7,2564.370012283,291.369997025,1,145.119995117,2099,24,51,55.99,1.13
2021/3/8,3877.200024605,592.360004425,3,349.730001450,1565,38,64,69.84,1.37
2021/3/9,747.890007019,0,0,0,1475,7,10,74.79,1.19
2021/3/10,706.310001373,227.199996948,0,0,2930,8,11,84.86,1.42
2021/3/11,1010.839996338,156.300003052,0,0,1713,11,16,72.95,1.11
2021/3/12,1448.939998627,39,1,80.699998856,1622,15,18,82.66,1.13
2021/3/13,1168.009990692,0,0,0,2638,11,18,64.89,1.41
2021/3/14,697.960000992,0,0,0,2393,12,12,58.16,0.94
2021/3/15,1522.300006866,93.200000763,0,0,1609,20,32,50.48,0.82
2021/3/16,2461.960006714,301.900001526,1,105,1614,39,62,44.58,0.89
2021/3/17,2275.010017395,342.209995270,4,581.500015259,1741,24,42,62.31,1.19
2021/3/18,444.200000763,103.120002747,0,0,1667,6,9,60.81,1
2021/3/19,2206.400005341,216.499996185,1,47.399999619,1641,28,46,52.67,0.94
2021/3/20,2215.500005722,60.600000381,0,0,2274,30,43,52.93,1
2021/3/21,1593.800014973,529.000003815,1,127.599996567,2125,21,32,66.34,1.29
2021/3/22,1113.999998093,27.899999619,0,0,1588,13,18,63.44,0.97
2021/3/23,3129.350017548,614.090007782,1,250,1819,19,47,79.65,1.38
2021/3/24,1989.999998093,543.600006104,2,355.900001526,1454,21,41,61.8,1.12
2021/3/25,2425.799992561,49.5,1,58.200000763,2130,20,35,70.72,1.44
2021/3/26,1037.429996490,26,4,267.299999237,2136,11,16,66.46,1.11
2021/3/27,2950.560001373,0,5,1395.260002136,2899,22,39,75.66,1.47
2021/3/28,1606.340020180,46.900001526,2,51.599998474,2694,60,71,23.29,0.5
2021/3/29,2415.380010605,734.300006866,6,302.600002289,1805,30,57,55.26,1.08
2021/3/30,2000.780006409,184.450002670,0,0,1861,32,49,44.6,0.81
2021/3/31,2849.170003891,113.400001526,5,490.699995041,1789,29,59,50.21,1.01
2021/4/1,1736.470008850,143.720001221,4,211.600002289,2134,25,42,44.77,0.75
2021/4/2,1880.640003204,22.5,5,295.319995880,1860,26,44,43.25,0.72
2021/4/3,1675.310005188,112.500001907,4,206.500001907,2810,28,41,43.61,0.75
2021/4/4,3134.900028229,13,9,515.800003052,3146,24,34,92.59,1.48
2021/4/5,942.000003815,122.299999237,5,177.299999237,2981,11,17,62.61,0.82
2021/4/6,3216.710012436,987.110019684,10,1138.820014954,1777,25,64,65.68,1.1
2021/4/7,2484.900009155,282.700008392,8,690.309999466,1678,27,52,53.22,0.94
2021/4/8,2362.809997559,238.399999619,4,38,1610,33,63,41.29,0.77
2021/4/9,1271.779998779,36,4,389.400001526,2504,13,28,46.71,0.43
2021/4/10,3828.309996853,265.200006008,3,177.610003004,2619,36,62,66.02,0.91
2021/4/11,2320.099995494,294.700002670,4,218.799999237,2764,23,50,52.3,0.71
2021/4/12,4258.960022092,199.700002670,7,797.400009155,1781,36,64,69.67,1.05
2021/4/13,1372.100009918,313.200000763,2,27.5,1698,12,36,46.81,0.67
2021/4/14,94.519998550,123.829998016,4,59.609998703,1662,8,21,10.4,0.15
2021/4/15,3237.390020370,653.060001373,6,351.509996414,1465,37,75,51.87,0.87
2021/4/16,1699.450016022,611.579992294,3,351.010005951,1584,24,54,42.8,0.77
2021/4/17,1609.229992390,550.310007095,3,240.900003433,2108,23,40,53.99,0.92
2021/4/18,1740.909997940,250.399997711,1,8,1994,27,40,49.78,0.79
2021/4/19,2579.850021362,185.200000763,10,667.420011520,1446,30,48,57.61,0.98
2025/9/6,92205.348909387,80897.170064479,1071,44538.859953165,7899,1494,4872,35.53,0.82
2025/9/7,54322.279502690,59563.679884061,1128,24123.649940066,7200,1360,4833,23.56,0.72
2025/9/8,109592.199980058,109909.09000057,1017,64915.479942925,5898,1099,5045,43.51,1.02
2025/9/9,86955.379611213,103805.189988354,981,49119.849930841,6107,1138,4822,39.56,1.03
2025/9/10,102908.409117777,101003.92986089,1016,58924.159854600,7019,1155,4822,42.29,0.97
2025/9/11,223332.40531816,102157.469710181,984,47944.819855273,23998,9844,14515,22.42,0.58
2025/9/12,159689.266872544,90368.599848449,1030,40346.559821386,16585,5740,10206,24.5,0.54
2025/9/13,91909.799013624,81395.029858530,1484,43242.959911892,11451,2037,6410,27.04,0.73
2025/9/14,99961.209270120,83514.379779696,1240,44323.589913487,9449,1665,5804,31.61,0.75
2025/9/15,132573.177911878,98633.119727084,960,55605.109837294,8241,1454,5500,42.04,0.73
2025/9/16,88909.258947639,94793.659916768,996,47484.049910912,23381,1164,5021,36.59,0.84
2025/9/17,118216.078465858,98858.389661688,1057,48939.929879010,8743,1277,5078,42.75,0.77
2025/9/18,142772.507448986,80356.689615346,971,50750.339591265,8783,1388,4842,46.08,0.76
2025/9/19,107479.368428469,86538.259703696,983,48218.379791200,8382,1049,4451,43.59,0.74
2025/9/20,108090.158737302,91059.599558711,1744,54373.189919174,11886,1685,5825,34.19,0.76
2025/9/21,88369.209174372,78485.419727325,1509,40120.999917984,11174,1393,5248,31.79,0.8
2025/9/22,91020.889529971,109010.249828706,1093,56196.149886021,7587,969,4643,43.08,1.09
2025/9/23,82239.099517236,91604.559766481,960,47150.519935617,7654,1061,4321,40.23,1.03
2025/9/24,112912.768767733,83521.919718027,1005,48407.349961052,8267,1234,4606,42.65,0.85
2025/9/25,88445.279013831,92755.509798417,1038,58086.019923696,8002,1048,4417,41.02,0.89
2025/9/26,106916.418844709,108682.389877021,1202,68230.929894516,8489,1210,4948,43.57,0.87
2025/9/27,93575.358721908,82870.899745107,1201,45205.719904661,10918,1422,4887,36.11,0.8
2025/9/28,67769.989456950,91344.999791026,1050,44801.009953160,8158,1062,4266,37.3,1.01
2025/9/29,53304.909565488,79454.239944965,804,52017.979952216,8483,838,3542,37.48,0.88
2025/9/30,62031.519744396,84065.889901638,763,56585.059961140,8920,951,3605,40.53,0.99
2025/10/1,145755.998166034,56783.079842031,860,35818.869864056,12828,2000,4132,49.02,1.5
2025/10/2,163998.576450335,57874.459770799,879,40154.829780996,12617,2254,4280,51.84,1.62
2025/10/3,83279.899017394,38388.659905255,986,26407.719979823,11288,1881,3982,30.55,1.05
2025/10/4,71227.359588593,46218.050031543,907,26556.049998522,10637,1664,3773,31.13,1.08
2025/10/5,175699.960304845,52136.109939814,800,30718.569945315,12536,2226,4499,50.64,1.59
2025/10/6,77881.468556225,46289.319824219,652,25552.709884346,11374,1308,3291,37.73,0.92
2025/10/7,80422.398749897,53159.009802431,919,38169.319838762,10747,1413,3873,34.49,0.85
2025/10/8,75043.008980036,60606.249866903,672,33902.249863803,10003,1043,3484,38.93,0.97
2025/10/9,110741.839828253,75680.669957042,697,96944.969938874,6842,767,3423,54.46,1.49
2025/10/10,62389.129558325,82707.699962923,755,34320.189951479,7036,842,3849,37.7,0.96
2025/10/11,76904.489056766,91723.969979525,821,48154.959931672,7837,914,4082,41.31,0.99
2025/10/12,63335.499112129,82152.659923017,961,43669.240028083,10077,1095,4448,32.71,0.82
2025/10/13,75755.629058480,90629.919870056,857,52449.329976697,7977,980,4490,37.06,1
2025/10/14,68570.139559329,91989.309788192,824,43913.129919365,7686,920,4212,38.12,1.05
2025/10/15,79891.289085407,88754.139863908,906,46986.639952788,7669,1027,4571,36.89,0.96
2025/10/16,62555.249256134,81284.859981418,827,35506.849927306,8258,1183,4587,31.36,0.79
2025/10/17,65839.359210510,71352.609819770,724,33163.929851055,8073,853,3852,35.62,0.86
2025/10/18,50338.489313731,71396.009875445,939,35442.089902639,12728,1143,4333,28.09,0.69
2025/10/19,45399.339402346,65885.079914359,871,35200.609946260,12033,970,3863,28.81,0.71
2025/10/20,198364.189578423,146112.949872384,961,94710.350004682,8542,1214,5811,59.28,1.35
2025/10/21,99964.769652972,105852.9398262,718,48838.319992959,7743,996,4859,42.36,1.03
2025/10/22,79254.369743127,89064.959904432,788,44569.790089328,7551,994,4537,37.1,0.98
2025/10/23,84899.499490032,108092.639818549,793,62193.279929290,7924,990,4740,40.72,1.09
2025/10/24,68862.309700269,97993.679861307,805,53777.289976794,8884,1029,4450,37.5,1
2025/10/25,70010.319511116,76897.419853032,933,37327.299958110,12018,1325,4786,30.7,0.85
2025/10/26,63885.649600703,71418.999912629,1021,34923.959947348,11847,1325,4884,27.7,0.77
2025/10/27,78205.128925025,80297.149687506,811,37445.429932661,8401,1954,5600,28.3,0.77
2025/10/28,132506.647346079,95123.919605523,861,47468.649862409,11909,4231,8393,27.12,0.64
2025/10/29,173268.266353149,88257.319567023,845,40665.519830991,15613,6292,10499,24.91,0.54
2025/10/30,157395.057202706,111570.929666579,930,64501.199948559,14078,5388,9699,27.73,0.64
2025/10/31,160443.666786432,87899.409560198,811,42731.409885839,14923,5419,9466,26.24,0.58
2025/11/1,594475.542171896,112897.730026947,1378,73630.619751990,23049,8321,13592,52.04,1.21
2025/11/2,83309.089235801,73937.259749472,1208,31997.319921613,13162,2611,6701,23.47,0.53
2025/11/3,85651.918838553,83470.109736927,894,37060.739977285,11511,2847,6706,25.22,0.64
2025/11/4,66073.739504009,100674.65969166,963,45234.159984499,8488,1348,5621,29.67,0.78
2025/11/5,67870.199689209,90858.179638196,897,35415.409937084,8300,1231,5034,31.53,0.84
2025/11/6,66586.659494657,87513.079857469,841,43729.319905937,8042,971,4301,35.83,0.92
2025/11/7,92198.649071008,109935.169796724,761,57247.929838747,9611,1194,4364,46.32,1
2025/11/8,74152.7292716,82087.749823598,1130,38658.429888904,12672,1546,5100,30.64,0.77
2025/11/9,94583.379305789,79699.989904175,1085,38925.099920988,11427,1646,5379,32.4,0.77
2025/11/10,144093.520341195,135764.900175173,1142,86981.850468902,8384,1511,6074,46.07,1.05
2025/11/11,176652.329814989,171801.319883645,1106,97750.260159085,8674,1776,7670,45.43,1.11
2025/11/12,71093.989547372,89688.939818330,957,45695.559997628,7590,875,4548,35.35,0.8
2025/11/13,73308.059310276,107022.399933284,901,46337.079905689,7777,915,4886,36.91,0.91
2025/11/14,74087.399409879,97552.059950948,953,49355.849966088,9078,998,4651,36.9,0.95
2025/11/15,54301.619380722,63668.629854688,1207,34072.889899671,12642,1370,4721,24.99,0.74
2025/11/16,54234.549071925,69601.469759526,978,34428.189871430,11932,1059,4458,27.78,0.77
2025/11/17,68119.379314551,77444.359815845,697,35712.869905531,7693,729,3928,37.06,1
2025/11/18,66822.289158840,92069.829856575,743,41078.089937598,7745,822,4384,36.24,0.95
2025/11/19,73697.518900651,83056.689777452,638,34952.509888956,7667,859,4126,37.99,0.94
2025/11/20,72550.559475647,80763.919837177,710,35553.819978684,8526,1161,4538,33.78,0.83
2025/11/21,62801.819484144,93906.659805277,733,43658.089870453,11124,1357,4814,32.55,0.82
2025/11/22,82575.779076943,75925.019928396,987,39943.249891162,15960,1921,5518,28.72,0.73
2025/11/23,74707.469198484,71329.919830680,990,31975.829982638,17793,1489,4933,29.6,0.79
2025/11/24,78398.339221209,91824.209767429,681,41471.919949830,11205,1251,4475,38.04,0.97
2025/11/25,77045.518719802,88020.039681215,716,35283.239913940,10362,1610,5045,32.72,0.81
2025/11/26,74883.868664224,77317.059600413,695,32846.519905806,21659,1960,5531,27.52,0.7
2025/11/27,83363.468767473,105622.879573911,775,53435.119799018,10768,1944,5702,33.14,0.76
2025/11/28,81216.318800926,110480.409697084,858,60381.660008430,11558,1973,5782,33.15,0.86
2025/11/29,100868.418456623,94964.329495499,1115,45549.489923000,14633,2229,6352,30.83,0.81
2025/11/30,112021.369041411,95611.379758716,974,74697.799915791,13294,1515,5290,39.25,1.03
2025/12/1,48724.979809217,84407.459841775,715,34599.619992325,8228,811,4203,31.68,0.81
2025/12/2,103723.989681102,103057.039766917,765,49556.490021169,10026,1544,5480,37.73,0.88
2025/12/3,72588.099340985,98572.449781455,668,50908.379919648,8629,1181,4667,36.67,0.84
2025/12/4,66534.589280404,108501.559775917,704,51433.209959118,9325,1249,4987,35.1,0.79
2025/12/5,89374.998592377,100223.589485087,807,48618.999830127,11345,2061,6179,30.68,0.7
2025/12/6,64511.899018504,86319.809589891,1039,40555.409857273,13198,1857,5893,25.6,0.61
2025/12/7,84348.458698617,99571.419447569,1044,40682.449890802,13901,2102,6977,26.36,0.61
2025/12/8,135194.648759788,152615.839293659,806,68247.199899385,10435,2121,7645,37.65,0.64
2025/12/9,134599.729320657,114555.619656581,785,49359.949945211,10351,2174,7008,35.55,0.83
2025/12/10,86276.439140934,100287.38968852,719,46472.359939098,9835,1566,5229,35.68,0.89
2025/12/11,73548.929133434,94960.759845868,688,43402.159981668,9267,1302,4855,34.71,0.84
2025/12/12,100629.19848752,112130.709624769,762,49817.939850926,11225,2126,6863,31,0.72
2025/12/13,105240.27871814,101927.849456916,1092,44764.499860823,14430,3042,7924,26.14,0.61
2025/12/14,109180.738215962,92767.679287629,1063,35416.669631511,13905,2729,7693,26.25,0.54
2020/9/17,,,,,6060,1,,,
2020/9/18,,,,,3122,1,,,
2020/9/19,,,,,3529,1,,,
2020/9/20,,,,,3164,1,,,
2020/9/21,,,,,2405,1,,,
2020/9/22,,,,,2318,1,,,
2020/9/23,,,,,2427,1,,,
2020/9/24,,,,,1956,1,,,
2020/9/25,,,,,1042,1,,,
2020/9/26,,,,,1470,1,,,
2020/9/27,,,,,1145,1,,,
2020/9/28,,,,,1264,1,,,
2020/9/29,,,,,2103,1,,,
2020/9/30,,,,,1413,1,,,
2020/10/1,,,,,2222,1,,,
2025/2/18,51277.949984195,57765.239844680,731,36110.179866929,11951,978,3411,31.97,1.01
2025/2/19,46669.099752374,48992.260061154,755,28527.829950530,10573,731,3260,29.34,0.92
2025/2/20,39863.469950186,69679.639970977,718,39467.150007812,10390,682,3148,34.8,1.08
2025/2/21,34923.989878649,54545.329965252,675,30162.989952683,10536,741,3046,29.37,0.98
2025/2/22,43994.409967024,50783.489969134,928,39746.049975295,13534,1040,3557,26.65,1.02
2025/2/23,40554.540005762,43439.589945078,967,25678.230012476,12825,1049,3802,22.09,0.79
2025/2/24,50770.299953736,68223.299883155,771,42509.899994502,8261,757,3296,36.1,1.2
2025/2/25,45520.049907649,54009.210031010,834,32938.740008593,8182,831,3741,26.6,0.89
2025/2/26,43192.089944264,66792.009972805,919,42931.809983181,10185,953,3918,28.07,0.9
2025/2/27,40564.389894513,58420.499997072,907,34912.199975533,7733,816,3634,27.24,0.87
2025/2/28,37463.280000376,58879.919880290,826,26518.369998602,8090,941,3645,26.43,0.91
2025/3/1,39836.639983414,45405.720127709,1197,20759.839989901,8475,1504,4692,18.17,0.67
2025/3/2,30479.520116517,48170.850186605,1004,23715.910044130,7854,1135,3991,19.71,0.42
2025/3/3,316768.196328217,103809.099655455,1656,86489.879420085,11318,4172,9008,46.69,0.97
2025/3/4,109570.899911428,83415.609828943,1121,45467.149887893,6079,1344,5424,35.58,0.99
2025/3/5,216160.21240736,80391.08000567,967,42964.880063251,8571,2737,6450,45.98,1.12
2025/3/6,92994.230673112,67571.789911330,887,31081.680042097,6075,1188,4911,32.7,0.89
2025/3/7,50682.710168600,86868.100074053,864,31009.760054350,5497,971,4378,31.42,0.93
2025/3/8,75980.450139800,67522.129935155,1407,36853.819989938,7958,1778,5586,25.69,0.95
2025/3/9,47397.520019449,56374.270001778,1273,32045.189997086,7652,1600,5208,19.93,0.76
2025/3/10,44732.450148899,72989.859996328,992,33632.640049338,5104,896,4508,26.11,0.83
2025/3/11,48728.350237805,58866.649964064,904,29248.340009540,4923,973,4549,23.65,0.46
2025/3/12,61185.740454197,53886.310074866,931,26178.020028889,5303,1182,4547,25.31,0.68
2025/3/13,85470.380938709,65646.010206133,964,34030.100087941,6600,1373,5007,30.18,0.67
2025/3/14,57211.940404305,64882.920017362,821,35050.310062885,5422,1113,4166,29.31,0.82
2025/3/15,94821.341097832,58844.560007045,1104,36310.940079033,8172,2179,5508,27.9,0.75
2025/3/16,99851.621131361,52187.309955537,1151,28786.200093567,8305,2188,5693,26.71,0.8
2025/3/17,61087.780169208,60475.190062106,866,28286.28001054,5492,1212,4583,26.52,0.82
2025/3/18,65440.040443216,59557.680031002,903,29507.480081022,5678,1272,4828,25.89,0.79
2025/3/19,78988.100633273,52144.820025215,929,26652.190044403,5759,1561,5010,26.17,0.75
2025/3/20,83884.100409755,63049.390017271,980,32967.920046100,5609,1446,5215,28.18,0.83
2025/3/21,59135.680292217,65703.569997737,938,34497.140013764,4985,1218,4687,26.64,0.88
2025/3/22,61040.600334851,57463.280022919,1472,33544.680025289,7557,2211,6053,19.58,0.81
2025/3/23,60460.720136115,52053.369978666,1408,30786.890040100,7001,2043,5751,19.56,0.77
2025/3/24,56556.640257666,61005.990027139,916,27020.519982576,4795,1131,4676,25.14,0.8
2025/3/25,41807.070380285,61225.010027289,939,35208.070050813,4974,1054,4569,22.55,0.73
2025/3/26,94896.270606188,71051.100002179,906,33729.779984066,4901,1168,5017,33.08,0.97
2025/3/27,62048.690280674,59799.950117886,818,26587.620025843,4239,953,4282,28.46,0.87
2025/3/28,53543.020015378,61193.189993868,741,34523.249979148,4179,859,3647,31.46,0.77
2025/3/29,57752.400471225,53336.350032449,975,28332.290028155,6256,1519,4297,25.85,0.92
2025/3/30,48202.980282784,54581.269982457,1041,33949.590035081,5857,1502,4449,23.1,0.64
2025/3/31,67313.050630612,71524.160040677,796,37888.920036674,4945,1261,4265,32.55,0.54
2025/4/1,33967.940047383,58032.309864221,698,25415.549923925,3764,703,3913,23.51,0.66
2025/4/2,30103.840036292,56214.780068152,766,26402.030014157,3853,759,3724,23.18,0.75
2025/4/3,31111.690133819,48448.390065726,726,20931.210031509,4080,857,3496,22.76,0.64
2025/4/4,42984.159973787,50587.289965667,1227,30739.949964941,7170,2056,4665,20.06,0.68
2025/4/5,42010.060062079,49718.600012766,1301,35077.720001042,7094,2162,4912,18.67,0.69
2025/4/6,36319.199971007,52678.730020629,1096,27577.680012465,5994,1596,4616,19.28,0.72
2025/4/7,42770.949935008,56392.500037638,791,32182.419978509,3843,846,3919,25.3,0.77
2025/4/8,30623.040066523,58386.589996902,812,27157.169998426,3638,780,4096,21.73,0.74
2025/4/9,41803.100118298,68660.040127603,912,35993.58003035,3725,865,4273,25.85,0.76
2025/4/10,30627.739954123,79612.920167038,898,31248.370030701,4358,799,4218,26.14,0.61
2025/4/11,27609.149940381,61523.529960275,826,31567.079958797,4045,755,3780,23.58,0.75
2025/4/12,36327.160124881,59201.940054532,933,31972.659983525,4693,1003,3683,25.94,0.8
2025/4/13,30542.640002426,52163.730081737,1053,23852.74000597,4944,1211,4455,18.56,0.62
2025/4/14,145176.910418864,78093.659973869,873,62481.000044534,5493,1768,5571,40.08,1.23
2025/4/15,147090.780862929,81738.780063519,1002,52335.360121159,5347,1815,5822,39.3,1.19
2025/4/16,142832.691140175,68774.590046048,900,39536.000125051,5515,1845,5499,38.48,1.04
2025/4/17,215433.262167353,72826.260008940,990,46582.920119304,6683,2647,6386,45.14,1.08
2025/4/18,115392.300813317,79917.460099120,854,46967.880101442,5512,1592,4963,39.35,0.99
2025/4/19,261926.343082465,60560.010080943,1263,53792.420268783,10245,3501,6993,46.12,0.85
2025/4/20,59585.44022418,49088.850048542,1097,28424.320047149,5560,1590,4755,22.85,0.69
2025/4/21,57395.290064931,70919.499932386,740,31690.769968776,3647,855,4111,31.21,0.88
2025/4/22,58613.240289817,80320.560024796,846,37641.740018487,3997,914,4561,30.46,0.83
2025/4/23,59981.889992315,65568.200088440,797,31022.169999221,4034,936,4336,28.96,0.86
2025/4/24,58040.620091723,88277.899949579,759,49744.330036540,3565,798,4117,35.54,1.18
2025/4/25,57904.620172739,80378.059954304,806,47433.100036461,3916,958,4268,32.4,0.68
2025/4/26,69000.190140394,72849.649925590,1149,42715.630058059,5246,1509,5101,27.81,0.93
2025/4/27,66747.970082888,63892.950015463,804,27267.840003766,3932,993,4422,29.54,0.87
2025/4/28,94681.830411205,86082.060102481,905,35178.490000088,4508,1319,4880,37.04,0.97
2025/4/29,127416.261030445,92141.040076027,899,63410.020068536,5029,1744,5202,42.21,1.37
2025/4/30,120910.880981423,65233.739889393,857,37004.619988799,5368,1717,4745,39.23,1.31
2025/5/1,82364.340091705,56778.299935589,1310,35324.129991233,6648,2264,5171,26.91,1.34
2025/5/2,117529.760794172,50445.329991708,1304,34592.360025704,7967,2771,5523,30.41,1.4
2025/5/3,171930.351615924,56169.149992526,1205,39418.110044420,8198,3167,5998,38.03,1.59
2025/5/4,113061.880529672,53469.219935546,1111,32616.640001804,6735,2397,5305,31.39,1.34
2025/5/5,117529.590494394,56421.880016565,884,33304.850089788,5887,1924,4824,36.06,1.34
2025/5/6,104211.690711984,76726.119990129,754,36072.060054779,5350,1339,4457,40.6,1.18
2025/5/7,184502.931707511,77624.089978723,847,47138.060125846,6251,1881,5312,49.35,1.06
2025/5/8,79557.380517373,74751.689807663,782,43070.380137453,6869,1044,4211,36.64,1.07
2025/5/9,82503.100287447,87129.089754820,787,44853.169860253,6631,1084,4454,38.09,0.96
2025/5/10,99385.660408625,75398.759852061,1216,37689.570009351,7914,1926,5862,29.82,0.87
2025/5/11,86627.720231203,77354.849913845,1283,38884.330020905,5927,1795,5875,27.91,0.77
2025/5/12,72783.949748278,78696.499718904,900,36767.589882374,4446,1089,5243,28.89,0.86
2025/5/13,60037.069625635,86161.329692075,943,37541.479928264,8482,1022,5267,27.76,0.94
2025/5/14,47684.870021224,66240.209846377,905,30278.709923267,7599,931,4530,25.15,0.84
2025/5/15,44942.659940720,78421.519899080,877,38170.859945595,4222,938,4605,26.79,0.78
2025/5/16,135035.729956517,138327.109606275,1025,84875.539682278,5295,1338,5561,49.16,1.32
2025/5/17,101054.07004394,87752.139996061,1230,41421.689977545,6477,1751,5799,32.56,1.04
2025/5/18,81588.540099461,67599.549998293,1215,30075.170022368,6194,1637,5386,27.7,0.86
2025/5/19,94063.859976687,96128.689885983,989,49999.129952550,5174,1289,5250,36.23,0.9
2025/5/20,121036.120335424,100251.340015041,991,64226.440098681,5074,1332,5254,42.12,1.07
2025/5/21,127404.280099818,94050.539839048,990,52471.069966435,5654,1504,5550,39.9,0.95
2025/5/22,161888.060322195,115353.879968056,927,65799.180026917,6283,1571,5433,51.03,0.87
2025/5/23,186255.810388809,109296.379908442,899,78448.220002282,7057,1774,5616,52.63,0.94
2025/5/24,161236.270378536,84737.499926696,1253,55361.540024826,8805,2232,6306,39.01,0.81
2025/5/25,148168.290173946,81507.499944137,1201,57756.859914780,44480,2866,7477,30.72,0.69
2025/5/26,219069.230227966,118442.380047757,1000,80600.710033733,5493,1335,5891,57.29,1.18
2025/5/27,153967.480452437,96738.549940435,940,73012.690016825,5889,1191,5444,46.05,0.75
2025/5/28,179968.22020399,146551.47995998,903,85368.040031819,7720,1476,5995,54.47,0.97
